[2026-03-11 09:00:00.789218] 开始添加学校...
[2026-03-11 09:00:00.814457] 添加了 0 所学校
添加前: {'Europe': 375, 'North America': 224, 'South America': 83}
添加后: {'Europe': 375, 'North America': 224, 'South America': 83}
[2026-03-11 10:00:01.130152] 开始添加学校...
[2026-03-11 10:00:01.157049] 添加了 0 所学校
添加前: {'Europe': 375, 'North America': 224, 'South America': 83}
添加后: {'Europe': 375, 'North America': 224, 'South America': 83}
[2026-03-11 11:00:00.657859] 开始添加学校...
[2026-03-11 11:00:00.684595] 添加了 0 所学校
添加前: {'Europe': 375, 'North America': 224, 'South America': 83}
添加后: {'Europe': 375, 'North America': 224, 'South America': 83}
[2026-03-11 12:00:01.080066] 开始添加学校...
[2026-03-11 12:00:01.106230] 添加了 0 所学校
添加前: {'Europe': 375, 'North America': 224, 'South America': 83}
添加后: {'Europe': 375, 'North America': 224, 'South America': 83}
[2026-03-11 13:00:00.775167] 开始添加学校...
[2026-03-11 13:00:00.801786] 添加了 0 所学校
添加前: {'Europe': 375, 'North America': 224, 'South America': 83}
添加后: {'Europe': 375, 'North America': 224, 'South America': 83}
[2026-03-11 14:00:00.475723] 开始添加学校...
[2026-03-11 14:00:00.503189] 添加了 0 所学校
添加前: {'Europe': 375, 'North America': 224, 'South America': 83}
添加后: {'Europe': 375, 'North America': 224, 'South America': 83}
[2026-03-11 15:00:00.737141] 开始添加学校...
[2026-03-11 15:00:00.764339] 添加了 0 所学校
添加前: {'Europe': 375, 'North America': 224, 'South America': 83}
添加后: {'Europe': 375, 'North America': 224, 'South America': 83}
[2026-03-11 16:00:00.649565] 开始添加学校...
[2026-03-11 16:00:00.675889] 添加了 0 所学校
添加前: {'Europe': 375, 'North America': 224, 'South America': 83}
添加后: {'Europe': 375, 'North America': 224, 'South America': 83}
[2026-03-11 17:00:00.562801] 开始添加学校...
[2026-03-11 17:00:00.589429] 添加了 0 所学校
添加前: {'Europe': 375, 'North America': 224, 'South America': 83}
添加后: {'Europe': 375, 'North America': 224, 'South America': 83}
[2026-03-11 18:00:00.454124] 开始添加学校...
[2026-03-11 18:00:00.480525] 添加了 0 所学校
添加前: {'Europe': 375, 'North America': 224, 'South America': 83}
添加后: {'Europe': 375, 'North America': 224, 'South America': 83}
[2026-03-11 22:00:48.343640] 开始添加学校...
[2026-03-11 22:00:48.386329] 添加了 0 所学校
添加前: {'Europe': 375, 'North America': 224, 'South America': 83}
添加后: {'Europe': 375, 'North America': 224, 'South America': 83}
[2026-03-12 03:00:01.117629] 开始添加学校...
[2026-03-12 03:00:01.144433] 添加了 0 所学校
添加前: {'Europe': 375, 'North America': 224, 'South America': 83}
添加后: {'Europe': 375, 'North America': 224, 'South America': 83}
[2026-03-12 05:00:00.843099] 开始添加学校...
[2026-03-12 05:00:00.870104] 添加了 0 所学校
添加前: {'Europe': 375, 'North America': 224, 'South America': 83}
添加后: {'Europe': 375, 'North America': 224, 'South America': 83}
[2026-03-12 06:01:07.285785] 开始添加学校...
[2026-03-12 06:01:07.312384] 添加了 0 所学校
添加前: {'Europe': 375, 'North America': 224, 'South America': 83}
添加后: {'Europe': 375, 'North America': 224, 'South America': 83}
[2026-03-12 08:02:29.684755] 开始添加学校...
[2026-03-12 08:02:29.709857] 添加了 0 所学校
添加前: {'Europe': 375, 'North America': 224, 'South America': 83}
添加后: {'Europe': 375, 'North America': 224, 'South America': 83}
[2026-03-12 09:03:58.628914] 开始添加学校...
[2026-03-12 09:03:58.653553] 添加了 0 所学校
添加前: {'Europe': 375, 'North America': 224, 'South America': 83}
添加后: {'Europe': 375, 'North America': 224, 'South America': 83}
[2026-03-12 10:04:01.856540] 开始添加学校...
[2026-03-12 10:04:01.879993] 添加了 0 所学校
添加前: {'Europe': 375, 'North America': 224, 'South America': 83}
添加后: {'Europe': 375, 'North America': 224, 'South America': 83}
[2026-03-12 11:04:59.286088] 开始添加学校...
[2026-03-12 11:04:59.316553] 添加了 0 所学校
添加前: {'Europe': 375, 'North America': 224, 'South America': 83}
添加后: {'Europe': 375, 'North America': 224, 'South America': 83}
[2026-03-12 12:00:00.622612] 开始添加学校...
[2026-03-12 12:00:00.647749] 添加了 0 所学校
添加前: {'Europe': 375, 'North America': 224, 'South America': 83}
添加后: {'Europe': 375, 'North America': 224, 'South America': 83}
[2026-03-12 13:00:00.461651] 开始添加学校...
[2026-03-12 13:00:00.488511] 添加了 0 所学校
添加前: {'Europe': 375, 'North America': 224, 'South America': 83}
添加后: {'Europe': 375, 'North America': 224, 'South America': 83}
[2026-03-12 16:00:03.951911] 开始添加学校...
[2026-03-12 16:00:03.986489] 添加了 0 所学校
添加前: {'Europe': 375, 'North America': 224, 'South America': 83}
添加后: {'Europe': 375, 'North America': 224, 'South America': 83}
[2026-03-12 17:00:00.899360] 开始添加学校...
[2026-03-12 17:00:00.926665] 添加了 0 所学校
添加前: {'Europe': 375, 'North America': 224, 'South America': 83}
添加后: {'Europe': 375, 'North America': 224, 'South America': 83}
[2026-03-13 04:00:00.774374] 开始添加学校...
[2026-03-13 04:00:00.785132] 添加了 0 所学校
添加前: {'Europe': 375, 'North America': 224, 'South America': 83}
添加后: {'Europe': 375, 'North America': 224, 'South America': 83}
[2026-03-13 09:03:26.840745] 开始添加学校...
[2026-03-13 09:03:26.854782] 添加了 0 所学校
添加前: {'Europe': 375, 'North America': 224, 'South America': 83}
添加后: {'Europe': 375, 'North America': 224, 'South America': 83}
[2026-03-13 10:04:10.032872] 开始添加学校...
[2026-03-13 10:04:10.044816] 添加了 0 所学校
添加前: {'Europe': 375, 'North America': 224, 'South America': 83}
添加后: {'Europe': 375, 'North America': 224, 'South America': 83}
[2026-03-13 13:07:52.811415] 开始添加学校...
[2026-03-13 13:07:52.837594] 添加了 0 所学校
添加前: {'Europe': 375, 'North America': 224, 'South America': 83}
添加后: {'Europe': 375, 'North America': 224, 'South America': 83}
[2026-03-13 22:00:47.047618] 开始添加学校...
[2026-03-13 22:00:47.074845] 添加了 0 所学校
添加前: {'Europe': 375, 'North America': 224, 'South America': 83}
添加后: {'Europe': 375, 'North America': 224, 'South America': 83}
[2026-03-14 06:01:12.569721] 开始添加学校...
[2026-03-14 06:01:12.600521] 添加了 0 所学校
添加前: {'Europe': 375, 'North America': 224, 'South America': 83}
添加后: {'Europe': 375, 'North America': 224, 'South America': 83}
[2026-03-14 09:03:22.638437] 开始添加学校...
[2026-03-14 09:03:22.665342] 添加了 0 所学校
添加前: {'Europe': 375, 'North America': 224, 'South America': 83}
添加后: {'Europe': 375, 'North America': 224, 'South America': 83}
[2026-03-14 10:04:49.547144] 开始添加学校...
[2026-03-14 10:04:49.574321] 添加了 0 所学校
添加前: {'Europe': 375, 'North America': 224, 'South America': 83}
添加后: {'Europe': 375, 'North America': 224, 'South America': 83}
[2026-03-14 11:05:19.201594] 开始添加学校...
[2026-03-14 11:05:19.228156] 添加了 0 所学校
添加前: {'Europe': 375, 'North America': 224, 'South America': 83}
添加后: {'Europe': 375, 'North America': 224, 'South America': 83}
[2026-03-14 12:00:01.182953] 开始添加学校...
[2026-03-14 12:00:01.210433] 添加了 0 所学校
添加前: {'Europe': 375, 'North America': 224, 'South America': 83}
添加后: {'Europe': 375, 'North America': 224, 'South America': 83}
[2026-03-14 14:08:41.918709] 开始添加学校...
[2026-03-14 14:08:41.930638] 添加了 0 所学校
添加前: {'Europe': 375, 'North America': 224, 'South America': 83}
添加后: {'Europe': 375, 'North America': 224, 'South America': 83}
[2026-03-14 22:00:27.948567] 开始添加学校...
[2026-03-14 22:00:27.976057] 添加了 0 所学校
添加前: {'Europe': 375, 'North America': 224, 'South America': 83}
添加后: {'Europe': 375, 'North America': 224, 'South America': 83}
[2026-03-15 07:00:32.780793] 开始添加学校...
[2026-03-15 07:00:32.808372] 添加了 0 所学校
添加前: {'Europe': 375, 'North America': 224, 'South America': 83}
添加后: {'Europe': 375, 'North America': 224, 'South America': 83}
[2026-03-15 11:05:08.587460] 开始添加学校...
[2026-03-15 11:05:08.616053] 添加了 0 所学校
添加前: {'Europe': 375, 'North America': 224, 'South America': 83}
添加后: {'Europe': 375, 'North America': 224, 'South America': 83}
[2026-03-15 13:07:25.800060] 开始添加学校...
[2026-03-15 13:07:25.827974] 添加了 0 所学校
添加前: {'Europe': 375, 'North America': 224, 'South America': 83}
添加后: {'Europe': 375, 'North America': 224, 'South America': 83}
[2026-03-16 06:01:43.137157] 开始添加学校...
[2026-03-16 06:01:43.170326] 添加了 0 所学校
添加前: {'Europe': 375, 'North America': 224, 'South America': 83}
添加后: {'Europe': 375, 'North America': 224, 'South America': 83}
[2026-03-16 07:00:35.381087] 开始添加学校...
[2026-03-16 07:00:35.401137] 添加了 0 所学校
添加前: {'Europe': 375, 'North America': 224, 'South America': 83}
添加后: {'Europe': 375, 'North America': 224, 'South America': 83}
[2026-03-16 09:03:39.030719] 开始添加学校...
[2026-03-16 09:03:39.058922] 添加了 0 所学校
添加前: {'Europe': 375, 'North America': 224, 'South America': 83}
添加后: {'Europe': 375, 'North America': 224, 'South America': 83}
[2026-03-16 10:04:14.672216] 开始添加学校...
[2026-03-16 10:04:14.702192] 添加了 0 所学校
添加前: {'Europe': 375, 'North America': 224, 'South America': 83}
添加后: {'Europe': 375, 'North America': 224, 'South America': 83}
[2026-03-16 11:05:45.852781] 开始添加学校...
[2026-03-16 11:05:45.884235] 添加了 0 所学校
添加前: {'Europe': 375, 'North America': 224, 'South America': 83}
添加后: {'Europe': 375, 'North America': 224, 'South America': 83}
[2026-03-16 12:07:00.071886] 开始添加学校...
[2026-03-16 12:07:00.101024] 添加了 0 所学校
添加前: {'Europe': 375, 'North America': 224, 'South America': 83}
添加后: {'Europe': 375, 'North America': 224, 'South America': 83}
[2026-03-16 13:07:04.156458] 开始添加学校...
[2026-03-16 13:07:04.181080] 添加了 0 所学校
添加前: {'Europe': 375, 'North America': 224, 'South America': 83}
添加后: {'Europe': 375, 'North America': 224, 'South America': 83}
[2026-03-16 14:08:42.345446] 开始添加学校...
[2026-03-16 14:08:42.374422] 添加了 0 所学校
添加前: {'Europe': 375, 'North America': 224, 'South America': 83}
添加后: {'Europe': 375, 'North America': 224, 'South America': 83}
[2026-03-16 15:00:00.793259] 开始添加学校...
[2026-03-16 15:00:00.807191] 添加了 0 所学校
添加前: {'Europe': 375, 'North America': 224, 'South America': 83}
添加后: {'Europe': 375, 'North America': 224, 'South America': 83}
[2026-03-16 22:00:00.545757] 开始添加学校...
[2026-03-16 22:00:00.581968] 添加了 0 所学校
添加前: {'Europe': 375, 'North America': 224, 'South America': 83}
添加后: {'Europe': 375, 'North America': 224, 'South America': 83}
[2026-03-17 06:01:46.437023] 开始添加学校...
[2026-03-17 06:01:46.464709] 添加了 0 所学校
添加前: {'Europe': 375, 'North America': 224, 'South America': 83}
添加后: {'Europe': 375, 'North America': 224, 'South America': 83}
[2026-03-17 07:00:18.260341] 开始添加学校...
[2026-03-17 07:00:18.286947] 添加了 0 所学校
添加前: {'Europe': 375, 'North America': 224, 'South America': 83}
添加后: {'Europe': 375, 'North America': 224, 'South America': 83}
[2026-03-17 08:02:08.798186] 开始添加学校...
[2026-03-17 08:02:08.825167] 添加了 0 所学校
添加前: {'Europe': 375, 'North America': 224, 'South America': 83}
添加后: {'Europe': 375, 'North America': 224, 'South America': 83}
[2026-03-17 09:00:00.372612] 开始添加学校...
[2026-03-17 09:00:00.384500] 添加了 0 所学校
添加前: {'Europe': 375, 'North America': 224, 'South America': 83}
添加后: {'Europe': 375, 'North America': 224, 'South America': 83}
[2026-03-17 13:06:54.879221] 开始添加学校...
[2026-03-17 13:06:54.906754] 添加了 0 所学校
添加前: {'Europe': 375, 'North America': 224, 'South America': 83}
添加后: {'Europe': 375, 'North America': 224, 'South America': 83}
[2026-03-17 16:00:01.062853] 开始添加学校...
[2026-03-17 16:00:01.089850] 添加了 0 所学校
添加前: {'Europe': 375, 'North America': 224, 'South America': 83}
添加后: {'Europe': 375, 'North America': 224, 'South America': 83}
[2026-03-17 22:00:05.592338] 开始添加学校...
[2026-03-17 22:00:05.619845] 添加了 0 所学校
添加前: {'Europe': 375, 'North America': 224, 'South America': 83}
添加后: {'Europe': 375, 'North America': 224, 'South America': 83}
[2026-03-18 09:00:23.125108] 开始添加学校...
[2026-03-18 09:00:23.149347] 添加了 0 所学校
添加前: {'Europe': 364, 'North America': 224, 'South America': 83}
添加后: {'Europe': 364, 'North America': 224, 'South America': 83}
[2026-03-18 10:00:00.148558] 开始添加学校...
[2026-03-18 10:00:00.178236] 添加了 0 所学校
添加前: {'Europe': 364, 'North America': 224, 'South America': 83}
添加后: {'Europe': 364, 'North America': 224, 'South America': 83}
[2026-03-18 12:00:00.948944] 开始添加学校...
[2026-03-18 12:00:00.974412] 添加了 0 所学校
添加前: {'Europe': 364, 'North America': 224, 'South America': 83}
添加后: {'Europe': 364, 'North America': 224, 'South America': 83}
[2026-03-18 23:00:00.482397] 开始添加学校...
[2026-03-18 23:00:00.508130] 添加了 0 所学校
添加前: {'Europe': 364, 'North America': 224, 'South America': 83}
添加后: {'Europe': 364, 'North America': 224, 'South America': 83}
[2026-03-19 07:00:01.107327] 开始添加学校...
[2026-03-19 07:00:01.135303] 添加了 0 所学校
添加前: {'Europe': 364, 'North America': 224, 'South America': 83}
添加后: {'Europe': 364, 'North America': 224, 'South America': 83}
[2026-03-19 08:00:00.559654] 开始添加学校...
[2026-03-19 08:00:00.579995] 添加了 0 所学校
添加前: {'Europe': 364, 'North America': 224, 'South America': 83}
添加后: {'Europe': 364, 'North America': 224, 'South America': 83}
[2026-03-19 09:00:00.585863] 开始添加学校...
[2026-03-19 09:00:00.610880] 添加了 0 所学校
添加前: {'Europe': 364, 'North America': 224, 'South America': 83}
添加后: {'Europe': 364, 'North America': 224, 'South America': 83}
[2026-03-19 10:00:01.167378] 开始添加学校...
[2026-03-19 10:00:01.196019] 添加了 0 所学校
添加前: {'Europe': 364, 'North America': 224, 'South America': 83}
添加后: {'Europe': 364, 'North America': 224, 'South America': 83}
[2026-03-19 11:00:00.554755] 开始添加学校...
[2026-03-19 11:00:00.581884] 添加了 0 所学校
添加前: {'Europe': 364, 'North America': 224, 'South America': 83}
添加后: {'Europe': 364, 'North America': 224, 'South America': 83}
[2026-03-19 12:01:05.558151] 开始添加学校...
[2026-03-19 12:01:05.583787] 添加了 0 所学校
添加前: {'Europe': 364, 'North America': 224, 'South America': 83}
添加后: {'Europe': 364, 'North America': 224, 'South America': 83}
[2026-03-19 14:00:27.176710] 开始添加学校...
[2026-03-19 14:00:27.202442] 添加了 0 所学校
添加前: {'Europe': 364, 'North America': 224, 'South America': 83}
添加后: {'Europe': 364, 'North America': 224, 'South America': 83}
[2026-03-19 15:00:00.541779] 开始添加学校...
[2026-03-19 15:00:00.569306] 添加了 0 所学校
添加前: {'Europe': 364, 'North America': 224, 'South America': 83}
添加后: {'Europe': 364, 'North America': 224, 'South America': 83}
[2026-03-19 16:00:00.251065] 开始添加学校...
[2026-03-19 16:00:00.278369] 添加了 0 所学校
添加前: {'Europe': 364, 'North America': 224, 'South America': 83}
添加后: {'Europe': 364, 'North America': 224, 'South America': 83}
[2026-03-19 17:00:00.456760] 开始添加学校...
[2026-03-19 17:00:00.482481] 添加了 0 所学校
添加前: {'Europe': 364, 'North America': 224, 'South America': 83}
添加后: {'Europe': 364, 'North America': 224, 'South America': 83}
[2026-03-19 18:00:00.209045] 开始添加学校...
[2026-03-19 18:00:00.233170] 添加了 0 所学校
添加前: {'Europe': 364, 'North America': 224, 'South America': 83}
添加后: {'Europe': 364, 'North America': 224, 'South America': 83}
[2026-03-19 19:01:57.155310] 开始添加学校...
[2026-03-19 19:01:57.179714] 添加了 0 所学校
添加前: {'Europe': 364, 'North America': 224, 'South America': 83}
添加后: {'Europe': 364, 'North America': 224, 'South America': 83}
[2026-03-19 20:00:01.005682] 开始添加学校...
[2026-03-19 20:00:01.031141] 添加了 0 所学校
添加前: {'Europe': 364, 'North America': 224, 'South America': 83}
添加后: {'Europe': 364, 'North America': 224, 'South America': 83}
[2026-03-19 21:00:00.310612] 开始添加学校...
[2026-03-19 21:00:00.341695] 添加了 0 所学校
添加前: {'Europe': 364, 'North America': 224, 'South America': 83}
添加后: {'Europe': 364, 'North America': 224, 'South America': 83}
[2026-03-19 22:00:00.499586] 开始添加学校...
[2026-03-19 22:00:00.525160] 添加了 0 所学校
添加前: {'Europe': 364, 'North America': 224, 'South America': 83}
添加后: {'Europe': 364, 'North America': 224, 'South America': 83}
[2026-03-19 23:00:00.642170] 开始添加学校...
[2026-03-19 23:00:00.668482] 添加了 0 所学校
添加前: {'Europe': 364, 'North America': 224, 'South America': 83}
添加后: {'Europe': 364, 'North America': 224, 'South America': 83}
[2026-03-20 00:00:01.035422] 开始添加学校...
[2026-03-20 00:00:01.062201] 添加了 0 所学校
添加前: {'Europe': 364, 'North America': 224, 'South America': 83}
添加后: {'Europe': 364, 'North America': 224, 'South America': 83}
[2026-03-20 01:00:00.849393] 开始添加学校...
[2026-03-20 01:00:00.876269] 添加了 0 所学校
添加前: {'Europe': 364, 'North America': 224, 'South America': 83}
添加后: {'Europe': 364, 'North America': 224, 'South America': 83}
[2026-03-20 02:00:00.266149] 开始添加学校...
[2026-03-20 02:00:00.291608] 添加了 0 所学校
添加前: {'Europe': 364, 'North America': 224, 'South America': 83}
添加后: {'Europe': 364, 'North America': 224, 'South America': 83}
[2026-03-20 03:00:01.030647] 开始添加学校...
[2026-03-20 03:00:01.056472] 添加了 0 所学校
添加前: {'Europe': 364, 'North America': 224, 'South America': 83}
添加后: {'Europe': 364, 'North America': 224, 'South America': 83}
[2026-03-20 04:00:00.571272] 开始添加学校...
[2026-03-20 04:00:00.615392] 添加了 0 所学校
添加前: {'Europe': 364, 'North America': 224, 'South America': 83}
添加后: {'Europe': 364, 'North America': 224, 'South America': 83}
[2026-03-20 05:00:00.570846] 开始添加学校...
[2026-03-20 05:00:00.615246] 添加了 0 所学校
添加前: {'Europe': 364, 'North America': 224, 'South America': 83}
添加后: {'Europe': 364, 'North America': 224, 'South America': 83}
[2026-03-20 06:00:00.800473] 开始添加学校...
[2026-03-20 06:00:00.844840] 添加了 0 所学校
添加前: {'Europe': 364, 'North America': 224, 'South America': 83}
添加后: {'Europe': 364, 'North America': 224, 'South America': 83}
[2026-03-20 07:00:00.716234] 开始添加学校...
[2026-03-20 07:00:00.742906] 添加了 0 所学校
添加前: {'Europe': 364, 'North America': 224, 'South America': 83}
添加后: {'Europe': 364, 'North America': 224, 'South America': 83}
[2026-03-20 08:01:26.272373] 开始添加学校...
[2026-03-20 08:01:26.297781] 添加了 0 所学校
添加前: {'Europe': 364, 'North America': 224, 'South America': 83}
添加后: {'Europe': 364, 'North America': 224, 'South America': 83}
[2026-03-20 09:00:00.497980] 开始添加学校...
[2026-03-20 09:00:00.523962] 添加了 0 所学校
添加前: {'Europe': 364, 'North America': 224, 'South America': 83}
添加后: {'Europe': 364, 'North America': 224, 'South America': 83}
[2026-03-20 11:00:00.232640] 开始添加学校...
[2026-03-20 11:00:00.258077] 添加了 0 所学校
添加前: {'Europe': 364, 'North America': 224, 'South America': 83}
添加后: {'Europe': 364, 'North America': 224, 'South America': 83}
[2026-03-20 12:02:51.622065] 开始添加学校...
[2026-03-20 12:02:51.646030] 添加了 0 所学校
添加前: {'Europe': 364, 'North America': 224, 'South America': 83}
添加后: {'Europe': 364, 'North America': 224, 'South America': 83}
[2026-03-20 15:05:15.883580] 开始添加学校...
[2026-03-20 15:05:15.910406] 添加了 0 所学校
添加前: {'Europe': 364, 'North America': 224, 'South America': 83}
添加后: {'Europe': 364, 'North America': 224, 'South America': 83}
[2026-03-20 16:07:16.346990] 开始添加学校...
[2026-03-20 16:07:16.371609] 添加了 0 所学校
添加前: {'Europe': 364, 'North America': 224, 'South America': 83}
添加后: {'Europe': 364, 'North America': 224, 'South America': 83}
[2026-03-20 18:00:00.511932] 开始添加学校...
[2026-03-20 18:00:00.528777] 添加了 0 所学校
添加前: {'Europe': 364, 'North America': 224, 'South America': 83}
添加后: {'Europe': 364, 'North America': 224, 'South America': 83}
[2026-03-21 06:01:11.676673] 开始添加学校...
[2026-03-21 06:01:11.705205] 添加了 0 所学校
添加前: {'Europe': 364, 'North America': 224, 'South America': 83}
添加后: {'Europe': 364, 'North America': 224, 'South America': 83}
[2026-03-21 07:00:33.304258] 开始添加学校...
[2026-03-21 07:00:33.315663] 添加了 0 所学校
添加前: {'Europe': 364, 'North America': 224, 'South America': 83}
添加后: {'Europe': 364, 'North America': 224, 'South America': 83}
[2026-03-21 11:04:08.480045] 开始添加学校...
[2026-03-21 11:04:08.508290] 添加了 0 所学校
添加前: {'Europe': 364, 'North America': 224, 'South America': 83}
添加后: {'Europe': 364, 'North America': 224, 'South America': 83}
[2026-03-21 12:05:36.816246] 开始添加学校...
[2026-03-21 12:05:36.845217] 添加了 0 所学校
添加前: {'Europe': 364, 'North America': 224, 'South America': 83}
添加后: {'Europe': 364, 'North America': 224, 'South America': 83}
[2026-03-21 13:06:27.112753] 开始添加学校...
[2026-03-21 13:06:27.140488] 添加了 0 所学校
添加前: {'Europe': 364, 'North America': 224, 'South America': 83}
添加后: {'Europe': 364, 'North America': 224, 'South America': 83}
[2026-03-21 14:07:40.302384] 开始添加学校...
[2026-03-21 14:07:40.331738] 添加了 0 所学校
添加前: {'Europe': 364, 'North America': 224, 'South America': 83}
添加后: {'Europe': 364, 'North America': 224, 'South America': 83}
[2026-03-21 15:00:00.865184] 开始添加学校...
[2026-03-21 15:00:00.886324] 添加了 0 所学校
添加前: {'Europe': 364, 'North America': 224, 'South America': 83}
添加后: {'Europe': 364, 'North America': 224, 'South America': 83}
[2026-03-22 01:00:00.625295] 开始添加学校...
[2026-03-22 01:00:00.654084] 添加了 0 所学校
添加前: {'Europe': 364, 'North America': 224, 'South America': 83}
添加后: {'Europe': 364, 'North America': 224, 'South America': 83}
[2026-03-22 06:01:22.225489] 开始添加学校...
[2026-03-22 06:01:22.252152] 添加了 0 所学校
添加前: {'Europe': 364, 'North America': 224, 'South America': 83}
添加后: {'Europe': 364, 'North America': 224, 'South America': 83}
[2026-03-22 07:00:18.391704] 开始添加学校...
[2026-03-22 07:00:18.418504] 添加了 0 所学校
添加前: {'Europe': 364, 'North America': 224, 'South America': 83}
添加后: {'Europe': 364, 'North America': 224, 'South America': 83}
[2026-03-22 11:05:24.150273] 开始添加学校...
[2026-03-22 11:05:24.182179] 添加了 0 所学校
添加前: {'Europe': 364, 'North America': 224, 'South America': 83}
添加后: {'Europe': 364, 'North America': 224, 'South America': 83}
[2026-03-22 12:06:27.764998] 开始添加学校...
[2026-03-22 12:06:27.795716] 添加了 0 所学校
添加前: {'Europe': 364, 'North America': 224, 'South America': 83}
添加后: {'Europe': 364, 'North America': 224, 'South America': 83}
[2026-03-22 14:08:27.466174] 开始添加学校...
[2026-03-22 14:08:27.497732] 添加了 0 所学校
添加前: {'Europe': 364, 'North America': 224, 'South America': 83}
添加后: {'Europe': 364, 'North America': 224, 'South America': 83}
[2026-03-23 07:00:28.585881] 开始添加学校...
[2026-03-23 07:00:28.613685] 添加了 0 所学校
添加前: {'Europe': 364, 'North America': 224, 'South America': 83}
添加后: {'Europe': 364, 'North America': 224, 'South America': 83}
[2026-03-23 11:00:00.627992] 开始添加学校...
[2026-03-23 11:00:00.660149] 添加了 0 所学校
添加前: {'Europe': 364, 'North America': 224, 'South America': 83}
添加后: {'Europe': 364, 'North America': 224, 'South America': 83}
[2026-03-23 12:00:00.656056] 开始添加学校...
[2026-03-23 12:00:00.686206] 添加了 0 所学校
添加前: {'Europe': 364, 'North America': 224, 'South America': 83}
添加后: {'Europe': 364, 'North America': 224, 'South America': 83}
[2026-03-23 14:00:00.524509] 开始添加学校...
[2026-03-23 14:00:00.537452] 添加了 0 所学校
添加前: {'Europe': 364, 'North America': 224, 'South America': 83}
添加后: {'Europe': 364, 'North America': 224, 'South America': 83}
[2026-03-23 17:04:38.787431] 开始添加学校...
[2026-03-23 17:04:38.814357] 添加了 0 所学校
添加前: {'Europe': 364, 'North America': 224, 'South America': 83}
添加后: {'Europe': 364, 'North America': 224, 'South America': 83}
[2026-03-23 18:04:21.940206] 开始添加学校...
[2026-03-23 18:04:21.974174] 添加了 0 所学校
添加前: {'Europe': 364, 'North America': 224, 'South America': 83}
添加后: {'Europe': 364, 'North America': 224, 'South America': 83}
[2026-03-23 21:00:00.829542] 开始添加学校...
[2026-03-23 21:00:00.856303] 添加了 0 所学校
添加前: {'Europe': 364, 'North America': 224, 'South America': 83}
添加后: {'Europe': 364, 'North America': 224, 'South America': 83}
[2026-03-23 22:00:14.573838] 开始添加学校...
[2026-03-23 22:00:14.597823] 添加了 0 所学校
添加前: {'Europe': 364, 'North America': 224, 'South America': 83}
添加后: {'Europe': 364, 'North America': 224, 'South America': 83}
[2026-03-24 06:01:40.864108] 开始添加学校...
[2026-03-24 06:01:40.890821] 添加了 0 所学校
添加前: {'Europe': 364, 'North America': 224, 'South America': 83}
添加后: {'Europe': 364, 'North America': 224, 'South America': 83}
[2026-03-24 07:00:43.732665] 开始添加学校...
[2026-03-24 07:00:43.757182] 添加了 0 所学校
添加前: {'Europe': 364, 'North America': 224, 'South America': 83}
添加后: {'Europe': 364, 'North America': 224, 'South America': 83}
[2026-03-24 08:02:04.467710] 开始添加学校...
[2026-03-24 08:02:04.495066] 添加了 0 所学校
添加前: {'Europe': 364, 'North America': 224, 'South America': 83}
添加后: {'Europe': 364, 'North America': 224, 'South America': 83}
[2026-03-24 09:00:00.780424] 开始添加学校...
[2026-03-24 09:00:00.805366] 添加了 0 所学校
添加前: {'Europe': 364, 'North America': 224, 'South America': 83}
添加后: {'Europe': 364, 'North America': 224, 'South America': 83}
[2026-03-24 12:00:01.038118] 开始添加学校...
[2026-03-24 12:00:01.061859] 添加了 0 所学校
添加前: {'Europe': 364, 'North America': 224, 'South America': 83}
添加后: {'Europe': 364, 'North America': 224, 'South America': 83}
[2026-03-24 14:03:13.978389] 开始添加学校...
[2026-03-24 14:03:14.006824] 添加了 0 所学校
添加前: {'Europe': 364, 'North America': 224, 'South America': 83}
添加后: {'Europe': 364, 'North America': 224, 'South America': 83}
[2026-03-24 17:00:01.015535] 开始添加学校...
[2026-03-24 17:00:01.044739] 添加了 0 所学校
添加前: {'Europe': 364, 'North America': 224, 'South America': 83}
添加后: {'Europe': 364, 'North America': 224, 'South America': 83}
[2026-03-24 18:02:47.164099] 开始添加学校...
[2026-03-24 18:02:47.192572] 添加了 0 所学校
添加前: {'Europe': 364, 'North America': 224, 'South America': 83}
添加后: {'Europe': 364, 'North America': 224, 'South America': 83}
[2026-03-24 22:00:23.482627] 开始添加学校...
[2026-03-24 22:00:23.506944] 添加了 0 所学校
添加前: {'Europe': 364, 'North America': 224, 'South America': 83}
添加后: {'Europe': 364, 'North America': 224, 'South America': 83}
[2026-03-25 07:00:00.642348] 开始添加学校...
[2026-03-25 07:00:00.666955] 添加了 0 所学校
添加前: {'Europe': 364, 'North America': 224, 'South America': 83}
添加后: {'Europe': 364, 'North America': 224, 'South America': 83}
[2026-03-25 08:00:00.971431] 开始添加学校...
[2026-03-25 08:00:01.019671] 添加了 0 所学校
添加前: {'Europe': 364, 'North America': 224, 'South America': 83}
添加后: {'Europe': 364, 'North America': 224, 'South America': 83}
[2026-03-25 09:00:00.203062] 开始添加学校...
[2026-03-25 09:00:00.227452] 添加了 0 所学校
添加前: {'Europe': 364, 'North America': 224, 'South America': 83}
添加后: {'Europe': 364, 'North America': 224, 'South America': 83}
[2026-03-25 10:00:00.145835] 开始添加学校...
[2026-03-25 10:00:00.172611] 添加了 0 所学校
添加前: {'Europe': 364, 'North America': 224, 'South America': 83}
添加后: {'Europe': 364, 'North America': 224, 'South America': 83}
[2026-03-25 12:00:00.776458] 开始添加学校...
[2026-03-25 12:00:00.794795] 添加了 0 所学校
添加前: {'Europe': 364, 'North America': 224, 'South America': 83}
添加后: {'Europe': 364, 'North America': 224, 'South America': 83}
[2026-03-25 13:00:00.846803] 开始添加学校...
[2026-03-25 13:00:00.859695] 添加了 0 所学校
添加前: {'Europe': 364, 'North America': 224, 'South America': 83}
添加后: {'Europe': 364, 'North America': 224, 'South America': 83}
[2026-03-25 14:00:00.294949] 开始添加学校...
[2026-03-25 14:00:00.321014] 添加了 0 所学校
添加前: {'Europe': 364, 'North America': 224, 'South America': 83}
添加后: {'Europe': 364, 'North America': 224, 'South America': 83}
[2026-03-25 16:00:12.146205] 开始添加学校...
[2026-03-25 16:00:12.156756] 添加了 0 所学校
添加前: {'Europe': 364, 'North America': 224, 'South America': 83}
添加后: {'Europe': 364, 'North America': 224, 'South America': 83}
[2026-03-25 17:00:00.644634] 开始添加学校...
[2026-03-25 17:00:00.673207] 添加了 0 所学校
添加前: {'Europe': 364, 'North America': 224, 'South America': 83}
添加后: {'Europe': 364, 'North America': 224, 'South America': 83}
[2026-03-25 18:00:01.124708] 开始添加学校...
[2026-03-25 18:00:01.154190] 添加了 0 所学校
添加前: {'Europe': 364, 'North America': 224, 'South America': 83}
添加后: {'Europe': 364, 'North America': 224, 'South America': 83}
[2026-03-25 19:00:00.716050] 开始添加学校...
[2026-03-25 19:00:00.732561] 添加了 0 所学校
添加前: {'Europe': 364, 'North America': 224, 'South America': 83}
添加后: {'Europe': 364, 'North America': 224, 'South America': 83}
[2026-03-25 20:00:00.766628] 开始添加学校...
[2026-03-25 20:00:00.778128] 添加了 0 所学校
添加前: {'Europe': 364, 'North America': 224, 'South America': 83}
添加后: {'Europe': 364, 'North America': 224, 'South America': 83}
[2026-03-25 22:00:00.272945] 开始添加学校...
[2026-03-25 22:00:00.303305] 添加了 0 所学校
添加前: {'Europe': 364, 'North America': 224, 'South America': 83}
添加后: {'Europe': 364, 'North America': 224, 'South America': 83}
[2026-03-25 23:00:00.421694] 开始添加学校...
[2026-03-25 23:00:00.433766] 添加了 0 所学校
添加前: {'Europe': 364, 'North America': 224, 'South America': 83}
添加后: {'Europe': 364, 'North America': 224, 'South America': 83}
[2026-03-26 00:00:00.405824] 开始添加学校...
[2026-03-26 00:00:00.433831] 添加了 0 所学校
添加前: {'Europe': 364, 'North America': 224, 'South America': 83}
添加后: {'Europe': 364, 'North America': 224, 'South America': 83}
[2026-03-26 01:00:00.716115] 开始添加学校...
[2026-03-26 01:00:00.732107] 添加了 0 所学校
添加前: {'Europe': 364, 'North America': 224, 'South America': 83}
添加后: {'Europe': 364, 'North America': 224, 'South America': 83}
[2026-03-26 02:00:00.469887] 开始添加学校...
[2026-03-26 02:00:00.498472] 添加了 0 所学校
添加前: {'Europe': 364, 'North America': 224, 'South America': 83}
添加后: {'Europe': 364, 'North America': 224, 'South America': 83}
[2026-03-26 03:00:00.366048] 开始添加学校...
[2026-03-26 03:00:00.385939] 添加了 0 所学校
添加前: {'Europe': 364, 'North America': 224, 'South America': 83}
添加后: {'Europe': 364, 'North America': 224, 'South America': 83}
[2026-03-26 04:00:00.957721] 开始添加学校...
[2026-03-26 04:00:00.970535] 添加了 0 所学校
添加前: {'Europe': 364, 'North America': 224, 'South America': 83}
添加后: {'Europe': 364, 'North America': 224, 'South America': 83}
[2026-03-26 05:00:00.234618] 开始添加学校...
[2026-03-26 05:00:00.264700] 添加了 0 所学校
添加前: {'Europe': 364, 'North America': 224, 'South America': 83}
添加后: {'Europe': 364, 'North America': 224, 'South America': 83}
[2026-03-26 06:00:01.179993] 开始添加学校...
[2026-03-26 06:00:01.210324] 添加了 0 所学校
添加前: {'Europe': 364, 'North America': 224, 'South America': 83}
添加后: {'Europe': 364, 'North America': 224, 'South America': 83}
[2026-03-26 07:00:00.586537] 开始添加学校...
[2026-03-26 07:00:00.613244] 添加了 0 所学校
添加前: {'Europe': 364, 'North America': 224, 'South America': 83}
添加后: {'Europe': 364, 'North America': 224, 'South America': 83}
[2026-03-26 08:01:30.513590] 开始添加学校...
[2026-03-26 08:01:30.533467] 添加了 0 所学校
添加前: {'Europe': 364, 'North America': 224, 'South America': 83}
添加后: {'Europe': 364, 'North America': 224, 'South America': 83}
[2026-03-26 09:00:00.576002] 开始添加学校...
[2026-03-26 09:00:00.591947] 添加了 0 所学校
添加前: {'Europe': 364, 'North America': 224, 'South America': 83}
添加后: {'Europe': 364, 'North America': 224, 'South America': 83}
[2026-03-26 10:00:00.435665] 开始添加学校...
[2026-03-26 10:00:00.465617] 添加了 0 所学校
添加前: {'Europe': 364, 'North America': 224, 'South America': 83}
添加后: {'Europe': 364, 'North America': 224, 'South America': 83}
[2026-03-26 11:00:01.150473] 开始添加学校...
[2026-03-26 11:00:01.170267] 添加了 0 所学校
添加前: {'Europe': 364, 'North America': 224, 'South America': 83}
添加后: {'Europe': 364, 'North America': 224, 'South America': 83}
[2026-03-26 12:00:00.841435] 开始添加学校...
[2026-03-26 12:00:00.872308] 添加了 0 所学校
添加前: {'Europe': 364, 'North America': 224, 'South America': 83}
添加后: {'Europe': 364, 'North America': 224, 'South America': 83}
[2026-03-26 14:00:00.562507] 开始添加学校...
[2026-03-26 14:00:00.578214] 添加了 0 所学校
添加前: {'Europe': 364, 'North America': 224, 'South America': 83}
添加后: {'Europe': 364, 'North America': 224, 'South America': 83}
[2026-03-26 17:00:00.880949] 开始添加学校...
[2026-03-26 17:00:00.895076] 添加了 0 所学校
添加前: {'Europe': 364, 'North America': 224, 'South America': 83}
添加后: {'Europe': 364, 'North America': 224, 'South America': 83}
[2026-03-26 19:00:00.477982] 开始添加学校...
[2026-03-26 19:00:00.502416] 添加了 0 所学校
添加前: {'Europe': 364, 'North America': 224, 'South America': 83}
添加后: {'Europe': 364, 'North America': 224, 'South America': 83}
[2026-03-27 06:01:17.401029] 开始添加学校...
[2026-03-27 06:01:17.423677] 添加了 0 所学校
添加前: {'Europe': 364, 'North America': 224, 'South America': 83}
添加后: {'Europe': 364, 'North America': 224, 'South America': 83}
[2026-03-27 07:00:12.643543] 开始添加学校...
[2026-03-27 07:00:12.658763] 添加了 0 所学校
添加前: {'Europe': 364, 'North America': 224, 'South America': 83}
添加后: {'Europe': 364, 'North America': 224, 'South America': 83}
[2026-03-27 08:02:28.588280] 开始添加学校...
[2026-03-27 08:02:28.606368] 添加了 0 所学校
添加前: {'Europe': 364, 'North America': 224, 'South America': 83}
添加后: {'Europe': 364, 'North America': 224, 'South America': 83}
[2026-03-27 09:00:00.606902] 开始添加学校...
[2026-03-27 09:00:00.622979] 添加了 0 所学校
添加前: {'Europe': 364, 'North America': 224, 'South America': 83}
添加后: {'Europe': 364, 'North America': 224, 'South America': 83}
[2026-03-27 11:00:01.480667] 开始添加学校...
[2026-03-27 11:00:01.493318] 添加了 50 所学校
添加前: {'Europe': 364, 'North America': 224, 'South America': 83}
添加后: {'Europe': 399, 'North America': 239, 'South America': 83}
[2026-03-27 12:00:00.189732] 开始添加学校...
[2026-03-27 12:00:00.205122] 添加了 0 所学校
添加前: {'Europe': 370, 'North America': 224, 'South America': 84}
添加后: {'Europe': 370, 'North America': 224, 'South America': 84}
[2026-03-27 13:00:00.877476] 开始添加学校...
[2026-03-27 13:00:00.889735] 添加了 0 所学校
添加前: {'Europe': 370, 'North America': 224, 'South America': 84}
添加后: {'Europe': 370, 'North America': 224, 'South America': 84}
[2026-03-27 16:00:01.116382] 开始添加学校...
[2026-03-27 16:00:01.153971] 添加了 0 所学校
添加前: {'Europe': 370, 'North America': 224, 'South America': 84}
添加后: {'Europe': 370, 'North America': 224, 'South America': 84}
[2026-03-27 17:00:00.359542] 开始添加学校...
[2026-03-27 17:00:00.388154] 添加了 0 所学校
添加前: {'Europe': 370, 'North America': 224, 'South America': 84}
添加后: {'Europe': 370, 'North America': 224, 'South America': 84}
[2026-03-27 18:00:00.754635] 开始添加学校...
[2026-03-27 18:00:00.770386] 添加了 0 所学校
添加前: {'Europe': 370, 'North America': 224, 'South America': 84}
添加后: {'Europe': 370, 'North America': 224, 'South America': 84}
[2026-03-27 19:00:00.412935] 开始添加学校...
[2026-03-27 19:00:00.445453] 添加了 0 所学校
添加前: {'Europe': 370, 'North America': 224, 'South America': 84}
添加后: {'Europe': 370, 'North America': 224, 'South America': 84}
[2026-03-27 20:00:00.710407] 开始添加学校...
[2026-03-27 20:00:00.741363] 添加了 0 所学校
添加前: {'Europe': 370, 'North America': 224, 'South America': 84}
添加后: {'Europe': 370, 'North America': 224, 'South America': 84}
[2026-03-27 21:00:00.536005] 开始添加学校...
[2026-03-27 21:00:00.551461] 添加了 0 所学校
添加前: {'Europe': 370, 'North America': 224, 'South America': 84}
添加后: {'Europe': 370, 'North America': 224, 'South America': 84}
[2026-03-27 22:00:00.581013] 开始添加学校...
[2026-03-27 22:00:00.597789] 添加了 0 所学校
添加前: {'Europe': 370, 'North America': 224, 'South America': 84}
添加后: {'Europe': 370, 'North America': 224, 'South America': 84}
[2026-03-27 23:00:01.183364] 开始添加学校...
[2026-03-27 23:00:01.213910] 添加了 0 所学校
添加前: {'Europe': 370, 'North America': 224, 'South America': 84}
添加后: {'Europe': 370, 'North America': 224, 'South America': 84}
[2026-03-28 00:00:00.500807] 开始添加学校...
[2026-03-28 00:00:00.514332] 添加了 0 所学校
添加前: {'Europe': 370, 'North America': 224, 'South America': 84}
添加后: {'Europe': 370, 'North America': 224, 'South America': 84}
[2026-03-28 01:00:00.588472] 开始添加学校...
[2026-03-28 01:00:00.604745] 添加了 0 所学校
添加前: {'Europe': 370, 'North America': 224, 'South America': 84}
添加后: {'Europe': 370, 'North America': 224, 'South America': 84}
[2026-03-28 02:00:00.206728] 开始添加学校...
[2026-03-28 02:00:00.223087] 添加了 0 所学校
添加前: {'Europe': 370, 'North America': 224, 'South America': 84}
添加后: {'Europe': 370, 'North America': 224, 'South America': 84}
[2026-03-28 03:00:00.795955] 开始添加学校...
[2026-03-28 03:00:00.808348] 添加了 0 所学校
添加前: {'Europe': 370, 'North America': 224, 'South America': 84}
添加后: {'Europe': 370, 'North America': 224, 'South America': 84}
[2026-03-28 04:00:00.651242] 开始添加学校...
[2026-03-28 04:00:00.670913] 添加了 0 所学校
添加前: {'Europe': 370, 'North America': 224, 'South America': 84}
添加后: {'Europe': 370, 'North America': 224, 'South America': 84}
[2026-03-28 05:00:00.545799] 开始添加学校...
[2026-03-28 05:00:00.577606] 添加了 0 所学校
添加前: {'Europe': 370, 'North America': 224, 'South America': 84}
添加后: {'Europe': 370, 'North America': 224, 'South America': 84}
[2026-03-28 06:00:00.926315] 开始添加学校...
[2026-03-28 06:00:00.938222] 添加了 0 所学校
添加前: {'Europe': 370, 'North America': 224, 'South America': 84}
添加后: {'Europe': 370, 'North America': 224, 'South America': 84}
[2026-03-28 07:00:00.395498] 开始添加学校...
[2026-03-28 07:00:00.408389] 添加了 0 所学校
添加前: {'Europe': 370, 'North America': 224, 'South America': 84}
添加后: {'Europe': 370, 'North America': 224, 'South America': 84}
[2026-03-28 08:00:01.207135] 开始添加学校...
[2026-03-28 08:00:01.242030] 添加了 0 所学校
添加前: {'Europe': 370, 'North America': 224, 'South America': 84}
添加后: {'Europe': 370, 'North America': 224, 'South America': 84}
[2026-03-28 09:00:01.294339] 开始添加学校...
[2026-03-28 09:00:01.341218] 添加了 0 所学校
添加前: {'Europe': 370, 'North America': 224, 'South America': 84}
添加后: {'Europe': 370, 'North America': 224, 'South America': 84}
[2026-03-28 10:00:01.042516] 开始添加学校...
[2026-03-28 10:00:01.055522] 添加了 0 所学校
添加前: {'Europe': 370, 'North America': 224, 'South America': 84}
添加后: {'Europe': 370, 'North America': 224, 'South America': 84}
[2026-03-28 11:00:00.629027] 开始添加学校...
[2026-03-28 11:00:00.672293] 添加了 0 所学校
添加前: {'Europe': 370, 'North America': 224, 'South America': 84}
添加后: {'Europe': 370, 'North America': 224, 'South America': 84}
[2026-03-28 12:00:00.758783] 开始添加学校...
[2026-03-28 12:00:00.777090] 添加了 0 所学校
添加前: {'Europe': 370, 'North America': 224, 'South America': 84}
添加后: {'Europe': 370, 'North America': 224, 'South America': 84}
[2026-03-28 13:00:00.427887] 开始添加学校...
[2026-03-28 13:00:00.450263] 添加了 0 所学校
添加前: {'Europe': 370, 'North America': 224, 'South America': 84}
添加后: {'Europe': 370, 'North America': 224, 'South America': 84}
[2026-03-28 14:00:00.652882] 开始添加学校...
[2026-03-28 14:00:00.686433] 添加了 0 所学校
添加前: {'Europe': 370, 'North America': 224, 'South America': 84}
添加后: {'Europe': 370, 'North America': 224, 'South America': 84}
[2026-03-28 15:00:00.827168] 开始添加学校...
[2026-03-28 15:00:00.863380] 添加了 0 所学校
添加前: {'Europe': 370, 'North America': 224, 'South America': 84}
添加后: {'Europe': 370, 'North America': 224, 'South America': 84}
[2026-03-28 16:00:00.530657] 开始添加学校...
[2026-03-28 16:00:00.547490] 添加了 0 所学校
添加前: {'Europe': 370, 'North America': 224, 'South America': 84}
添加后: {'Europe': 370, 'North America': 224, 'South America': 84}
[2026-03-28 17:00:00.740576] 开始添加学校...
[2026-03-28 17:00:00.774834] 添加了 0 所学校
添加前: {'Europe': 370, 'North America': 224, 'South America': 84}
添加后: {'Europe': 370, 'North America': 224, 'South America': 84}
[2026-03-28 18:00:00.755716] 开始添加学校...
[2026-03-28 18:00:00.790799] 添加了 0 所学校
添加前: {'Europe': 370, 'North America': 224, 'South America': 84}
添加后: {'Europe': 370, 'North America': 224, 'South America': 84}
[2026-03-28 19:00:01.042982] 开始添加学校...
[2026-03-28 19:00:01.068102] 添加了 0 所学校
添加前: {'Europe': 370, 'North America': 224, 'South America': 84}
添加后: {'Europe': 370, 'North America': 224, 'South America': 84}
[2026-03-28 20:00:00.847600] 开始添加学校...
[2026-03-28 20:00:00.883403] 添加了 0 所学校
添加前: {'Europe': 370, 'North America': 224, 'South America': 84}
添加后: {'Europe': 370, 'North America': 224, 'South America': 84}
[2026-03-28 21:00:00.706522] 开始添加学校...
[2026-03-28 21:00:00.740560] 添加了 0 所学校
添加前: {'Europe': 370, 'North America': 224, 'South America': 84}
添加后: {'Europe': 370, 'North America': 224, 'South America': 84}
[2026-03-28 22:00:00.426473] 开始添加学校...
[2026-03-28 22:00:00.457355] 添加了 0 所学校
添加前: {'Europe': 370, 'North America': 224, 'South America': 84}
添加后: {'Europe': 370, 'North America': 224, 'South America': 84}
[2026-03-28 23:00:00.577733] 开始添加学校...
[2026-03-28 23:00:00.592508] 添加了 0 所学校
添加前: {'Europe': 370, 'North America': 224, 'South America': 84}
添加后: {'Europe': 370, 'North America': 224, 'South America': 84}
[2026-03-29 00:00:01.022911] 开始添加学校...
[2026-03-29 00:00:01.058615] 添加了 0 所学校
添加前: {'Europe': 370, 'North America': 224, 'South America': 84}
添加后: {'Europe': 370, 'North America': 224, 'South America': 84}
[2026-03-29 01:00:00.102098] 开始添加学校...
[2026-03-29 01:00:00.128633] 添加了 0 所学校
添加前: {'Europe': 370, 'North America': 224, 'South America': 84}
添加后: {'Europe': 370, 'North America': 224, 'South America': 84}
[2026-03-29 02:00:00.298413] 开始添加学校...
[2026-03-29 02:00:00.317850] 添加了 0 所学校
添加前: {'Europe': 370, 'North America': 224, 'South America': 84}
添加后: {'Europe': 370, 'North America': 224, 'South America': 84}
[2026-03-29 03:00:01.126441] 开始添加学校...
[2026-03-29 03:00:01.142080] 添加了 0 所学校
添加前: {'Europe': 370, 'North America': 224, 'South America': 84}
添加后: {'Europe': 370, 'North America': 224, 'South America': 84}
[2026-03-29 07:00:00.563987] 开始添加学校...
[2026-03-29 07:00:00.585848] 添加了 0 所学校
添加前: {'Europe': 370, 'North America': 224, 'South America': 84}
添加后: {'Europe': 370, 'North America': 224, 'South America': 84}
[2026-03-29 08:00:00.808813] 开始添加学校...
[2026-03-29 08:00:00.820724] 添加了 0 所学校
添加前: {'Europe': 370, 'North America': 224, 'South America': 84}
添加后: {'Europe': 370, 'North America': 224, 'South America': 84}
[2026-03-29 09:00:00.873225] 开始添加学校...
[2026-03-29 09:00:00.903675] 添加了 0 所学校
添加前: {'Europe': 370, 'North America': 224, 'South America': 84}
添加后: {'Europe': 370, 'North America': 224, 'South America': 84}
[2026-03-29 10:00:00.363161] 开始添加学校...
[2026-03-29 10:00:00.391438] 添加了 0 所学校
添加前: {'Europe': 370, 'North America': 224, 'South America': 84}
添加后: {'Europe': 370, 'North America': 224, 'South America': 84}
[2026-03-29 11:00:00.408361] 开始添加学校...
[2026-03-29 11:00:00.419408] 添加了 0 所学校
添加前: {'Europe': 370, 'North America': 224, 'South America': 84}
添加后: {'Europe': 370, 'North America': 224, 'South America': 84}
[2026-03-29 12:00:00.524112] 开始添加学校...
[2026-03-29 12:00:00.547804] 添加了 0 所学校
添加前: {'Europe': 370, 'North America': 224, 'South America': 84}
添加后: {'Europe': 370, 'North America': 224, 'South America': 84}
[2026-03-29 13:00:00.952546] 开始添加学校...
[2026-03-29 13:00:00.982487] 添加了 0 所学校
添加前: {'Europe': 370, 'North America': 224, 'South America': 84}
添加后: {'Europe': 370, 'North America': 224, 'South America': 84}
[2026-03-29 14:00:00.464715] 开始添加学校...
[2026-03-29 14:00:00.475583] 添加了 0 所学校
添加前: {'Europe': 370, 'North America': 224, 'South America': 84}
添加后: {'Europe': 370, 'North America': 224, 'South America': 84}
[2026-03-29 15:00:01.246773] 开始添加学校...
[2026-03-29 15:00:01.281388] 添加了 0 所学校
添加前: {'Europe': 370, 'North America': 224, 'South America': 84}
添加后: {'Europe': 370, 'North America': 224, 'South America': 84}
[2026-03-29 16:00:00.262279] 开始添加学校...
[2026-03-29 16:00:00.294692] 添加了 0 所学校
添加前: {'Europe': 370, 'North America': 224, 'South America': 84}
添加后: {'Europe': 370, 'North America': 224, 'South America': 84}
[2026-03-29 17:00:00.574557] 开始添加学校...
[2026-03-29 17:00:00.614803] 添加了 0 所学校
添加前: {'Europe': 370, 'North America': 224, 'South America': 84}
添加后: {'Europe': 370, 'North America': 224, 'South America': 84}
[2026-03-29 18:00:01.200747] 开始添加学校...
[2026-03-29 18:00:01.216241] 添加了 0 所学校
添加前: {'Europe': 370, 'North America': 224, 'South America': 84}
添加后: {'Europe': 370, 'North America': 224, 'South America': 84}
[2026-03-29 19:00:00.249372] 开始添加学校...
[2026-03-29 19:00:00.282641] 添加了 0 所学校
添加前: {'Europe': 370, 'North America': 224, 'South America': 84}
添加后: {'Europe': 370, 'North America': 224, 'South America': 84}
[2026-03-29 20:00:00.930158] 开始添加学校...
[2026-03-29 20:00:00.965159] 添加了 0 所学校
添加前: {'Europe': 370, 'North America': 224, 'South America': 84}
添加后: {'Europe': 370, 'North America': 224, 'South America': 84}
[2026-03-29 21:00:00.563112] 开始添加学校...
[2026-03-29 21:00:00.580145] 添加了 0 所学校
添加前: {'Europe': 370, 'North America': 224, 'South America': 84}
添加后: {'Europe': 370, 'North America': 224, 'South America': 84}
[2026-03-29 22:00:00.566475] 开始添加学校...
[2026-03-29 22:00:00.603784] 添加了 0 所学校
添加前: {'Europe': 370, 'North America': 224, 'South America': 84}
添加后: {'Europe': 370, 'North America': 224, 'South America': 84}
[2026-03-29 23:00:00.552094] 开始添加学校...
[2026-03-29 23:00:00.586810] 添加了 0 所学校
添加前: {'Europe': 370, 'North America': 224, 'South America': 84}
添加后: {'Europe': 370, 'North America': 224, 'South America': 84}
[2026-03-30 00:00:00.640571] 开始添加学校...
[2026-03-30 00:00:00.662385] 添加了 0 所学校
添加前: {'Europe': 370, 'North America': 224, 'South America': 84}
添加后: {'Europe': 370, 'North America': 224, 'South America': 84}
[2026-03-30 01:00:00.380760] 开始添加学校...
[2026-03-30 01:00:00.413966] 添加了 0 所学校
添加前: {'Europe': 370, 'North America': 224, 'South America': 84}
添加后: {'Europe': 370, 'North America': 224, 'South America': 84}
[2026-03-30 02:00:00.553002] 开始添加学校...
[2026-03-30 02:00:00.591894] 添加了 0 所学校
添加前: {'Europe': 370, 'North America': 224, 'South America': 84}
添加后: {'Europe': 370, 'North America': 224, 'South America': 84}
[2026-03-30 03:00:00.720594] 开始添加学校...
[2026-03-30 03:00:00.736793] 添加了 0 所学校
添加前: {'Europe': 370, 'North America': 224, 'South America': 84}
添加后: {'Europe': 370, 'North America': 224, 'South America': 84}
[2026-03-30 04:00:00.309014] 开始添加学校...
[2026-03-30 04:00:00.342304] 添加了 0 所学校
添加前: {'Europe': 370, 'North America': 224, 'South America': 84}
添加后: {'Europe': 370, 'North America': 224, 'South America': 84}
[2026-03-30 05:00:00.510363] 开始添加学校...
[2026-03-30 05:00:00.548527] 添加了 0 所学校
添加前: {'Europe': 370, 'North America': 224, 'South America': 84}
添加后: {'Europe': 370, 'North America': 224, 'South America': 84}
[2026-03-30 06:00:00.498587] 开始添加学校...
[2026-03-30 06:00:00.521682] 添加了 0 所学校
添加前: {'Europe': 370, 'North America': 224, 'South America': 84}
添加后: {'Europe': 370, 'North America': 224, 'South America': 84}
[2026-03-30 07:00:00.716844] 开始添加学校...
[2026-03-30 07:00:00.754390] 添加了 0 所学校
添加前: {'Europe': 370, 'North America': 224, 'South America': 84}
添加后: {'Europe': 370, 'North America': 224, 'South America': 84}
[2026-03-30 08:00:00.290661] 开始添加学校...
[2026-03-30 08:00:00.327965] 添加了 0 所学校
添加前: {'Europe': 370, 'North America': 224, 'South America': 84}
添加后: {'Europe': 370, 'North America': 224, 'South America': 84}
[2026-03-30 09:00:01.133931] 开始添加学校...
[2026-03-30 09:00:01.161669] 添加了 0 所学校
添加前: {'Europe': 370, 'North America': 224, 'South America': 84}
添加后: {'Europe': 370, 'North America': 224, 'South America': 84}
[2026-03-30 10:00:01.110034] 开始添加学校...
[2026-03-30 10:00:01.130554] 添加了 0 所学校
添加前: {'Europe': 370, 'North America': 224, 'South America': 84}
添加后: {'Europe': 370, 'North America': 224, 'South America': 84}
[2026-03-30 11:00:00.559117] 开始添加学校...
[2026-03-30 11:00:00.595785] 添加了 0 所学校
添加前: {'Europe': 370, 'North America': 224, 'South America': 84}
添加后: {'Europe': 370, 'North America': 224, 'South America': 84}
[2026-03-30 12:00:00.579776] 开始添加学校...
[2026-03-30 12:00:00.616596] 添加了 0 所学校
添加前: {'Europe': 370, 'North America': 224, 'South America': 84}
添加后: {'Europe': 370, 'North America': 224, 'South America': 84}
[2026-03-30 13:00:00.477184] 开始添加学校...
[2026-03-30 13:00:00.517563] 添加了 0 所学校
添加前: {'Europe': 370, 'North America': 224, 'South America': 84}
添加后: {'Europe': 370, 'North America': 224, 'South America': 84}
[2026-03-30 14:00:00.935144] 开始添加学校...
[2026-03-30 14:00:00.977673] 添加了 0 所学校
添加前: {'Europe': 370, 'North America': 224, 'South America': 84}
添加后: {'Europe': 370, 'North America': 224, 'South America': 84}
[2026-03-30 15:00:01.074277] 开始添加学校...
[2026-03-30 15:00:01.110417] 添加了 0 所学校
添加前: {'Europe': 370, 'North America': 224, 'South America': 84}
添加后: {'Europe': 370, 'North America': 224, 'South America': 84}
[2026-03-30 16:00:00.776749] 开始添加学校...
[2026-03-30 16:00:00.818092] 添加了 0 所学校
添加前: {'Europe': 370, 'North America': 224, 'South America': 84}
添加后: {'Europe': 370, 'North America': 224, 'South America': 84}
[2026-03-30 17:00:00.601989] 开始添加学校...
[2026-03-30 17:00:00.643201] 添加了 0 所学校
添加前: {'Europe': 370, 'North America': 224, 'South America': 84}
添加后: {'Europe': 370, 'North America': 224, 'South America': 84}
[2026-03-30 18:00:00.911332] 开始添加学校...
[2026-03-30 18:00:00.942097] 添加了 0 所学校
添加前: {'Europe': 370, 'North America': 224, 'South America': 84}
添加后: {'Europe': 370, 'North America': 224, 'South America': 84}
[2026-03-30 19:00:00.436958] 开始添加学校...
[2026-03-30 19:00:00.481578] 添加了 0 所学校
添加前: {'Europe': 370, 'North America': 224, 'South America': 84}
添加后: {'Europe': 370, 'North America': 224, 'South America': 84}
[2026-03-30 20:00:01.198052] 开始添加学校...
[2026-03-30 20:00:01.240144] 添加了 0 所学校
添加前: {'Europe': 370, 'North America': 224, 'South America': 84}
添加后: {'Europe': 370, 'North America': 224, 'South America': 84}
[2026-03-30 21:00:01.194306] 开始添加学校...
[2026-03-30 21:00:01.229135] 添加了 0 所学校
添加前: {'Europe': 370, 'North America': 224, 'South America': 84}
添加后: {'Europe': 370, 'North America': 224, 'South America': 84}
[2026-03-30 22:00:00.476444] 开始添加学校...
[2026-03-30 22:00:00.495242] 添加了 0 所学校
添加前: {'Europe': 370, 'North America': 224, 'South America': 84}
添加后: {'Europe': 370, 'North America': 224, 'South America': 84}
[2026-03-30 23:00:01.190674] 开始添加学校...
[2026-03-30 23:00:01.225686] 添加了 0 所学校
添加前: {'Europe': 370, 'North America': 224, 'South America': 84}
添加后: {'Europe': 370, 'North America': 224, 'South America': 84}
[2026-03-31 00:00:01.184248] 开始添加学校...
[2026-03-31 00:00:01.215546] 添加了 0 所学校
添加前: {'Europe': 370, 'North America': 224, 'South America': 84}
添加后: {'Europe': 370, 'North America': 224, 'South America': 84}
[2026-03-31 01:00:00.668302] 开始添加学校...
[2026-03-31 01:00:00.680866] 添加了 0 所学校
添加前: {'Europe': 370, 'North America': 224, 'South America': 84}
添加后: {'Europe': 370, 'North America': 224, 'South America': 84}
[2026-03-31 02:00:01.227629] 开始添加学校...
[2026-03-31 02:00:01.265658] 添加了 0 所学校
添加前: {'Europe': 370, 'North America': 224, 'South America': 84}
添加后: {'Europe': 370, 'North America': 224, 'South America': 84}
[2026-03-31 03:00:00.395380] 开始添加学校...
[2026-03-31 03:00:00.434552] 添加了 0 所学校
添加前: {'Europe': 370, 'North America': 224, 'South America': 84}
添加后: {'Europe': 370, 'North America': 224, 'South America': 84}
[2026-03-31 04:00:00.404170] 开始添加学校...
[2026-03-31 04:00:00.431076] 添加了 0 所学校
添加前: {'Europe': 370, 'North America': 224, 'South America': 84}
添加后: {'Europe': 370, 'North America': 224, 'South America': 84}
[2026-03-31 05:00:01.075336] 开始添加学校...
[2026-03-31 05:00:01.111889] 添加了 0 所学校
添加前: {'Europe': 370, 'North America': 224, 'South America': 84}
添加后: {'Europe': 370, 'North America': 224, 'South America': 84}
[2026-03-31 06:00:00.791528] 开始添加学校...
[2026-03-31 06:00:00.828787] 添加了 0 所学校
添加前: {'Europe': 370, 'North America': 224, 'South America': 84}
添加后: {'Europe': 370, 'North America': 224, 'South America': 84}
[2026-03-31 07:00:00.554578] 开始添加学校...
[2026-03-31 07:00:00.580398] 添加了 0 所学校
添加前: {'Europe': 370, 'North America': 224, 'South America': 84}
添加后: {'Europe': 370, 'North America': 224, 'South America': 84}
[2026-03-31 08:00:00.690944] 开始添加学校...
[2026-03-31 08:00:00.707643] 添加了 0 所学校
添加前: {'Europe': 370, 'North America': 224, 'South America': 84}
添加后: {'Europe': 370, 'North America': 224, 'South America': 84}
[2026-03-31 09:00:00.464784] 开始添加学校...
[2026-03-31 09:00:00.500444] 添加了 0 所学校
添加前: {'Europe': 370, 'North America': 224, 'South America': 84}
添加后: {'Europe': 370, 'North America': 224, 'South America': 84}
[2026-03-31 10:00:01.221924] 开始添加学校...
[2026-03-31 10:00:01.238876] 添加了 0 所学校
添加前: {'Europe': 370, 'North America': 224, 'South America': 84}
添加后: {'Europe': 370, 'North America': 224, 'South America': 84}
[2026-03-31 11:00:00.919043] 开始添加学校...
[2026-03-31 11:00:00.953094] 添加了 0 所学校
添加前: {'Europe': 370, 'North America': 224, 'South America': 84}
添加后: {'Europe': 370, 'North America': 224, 'South America': 84}
[2026-03-31 13:00:00.194813] 开始添加学校...
[2026-03-31 13:00:00.215402] 添加了 0 所学校
添加前: {'Europe': 370, 'North America': 224, 'South America': 84}
添加后: {'Europe': 370, 'North America': 224, 'South America': 84}
[2026-03-31 14:07:00.309135] 开始添加学校...
[2026-03-31 14:07:00.346420] 添加了 0 所学校
添加前: {'Europe': 370, 'North America': 224, 'South America': 84}
添加后: {'Europe': 370, 'North America': 224, 'South America': 84}
[2026-03-31 15:00:01.052926] 开始添加学校...
[2026-03-31 15:00:01.068705] 添加了 0 所学校
添加前: {'Europe': 370, 'North America': 224, 'South America': 84}
添加后: {'Europe': 370, 'North America': 224, 'South America': 84}
[2026-03-31 16:00:00.182580] 开始添加学校...
[2026-03-31 16:00:00.199586] 添加了 0 所学校
添加前: {'Europe': 370, 'North America': 224, 'South America': 84}
添加后: {'Europe': 370, 'North America': 224, 'South America': 84}
[2026-03-31 18:01:34.860982] 开始添加学校...
[2026-03-31 18:01:34.898109] 添加了 0 所学校
添加前: {'Europe': 370, 'North America': 224, 'South America': 84}
添加后: {'Europe': 370, 'North America': 224, 'South America': 84}
[2026-03-31 21:02:51.885646] 开始添加学校...
[2026-03-31 21:02:51.922861] 添加了 0 所学校
添加前: {'Europe': 370, 'North America': 224, 'South America': 84}
添加后: {'Europe': 370, 'North America': 224, 'South America': 84}
[2026-03-31 22:00:46.811605] 开始添加学校...
[2026-03-31 22:00:46.830444] 添加了 0 所学校
添加前: {'Europe': 370, 'North America': 224, 'South America': 84}
添加后: {'Europe': 370, 'North America': 224, 'South America': 84}
[2026-04-01 01:00:00.394367] 开始添加学校...
[2026-04-01 01:00:00.407133] 添加了 0 所学校
添加前: {'Europe': 370, 'North America': 224, 'South America': 84}
添加后: {'Europe': 370, 'North America': 224, 'South America': 84}
[2026-04-01 02:00:00.285094] 开始添加学校...
[2026-04-01 02:00:00.301076] 添加了 0 所学校
添加前: {'Europe': 370, 'North America': 224, 'South America': 84}
添加后: {'Europe': 370, 'North America': 224, 'South America': 84}
[2026-04-01 03:00:00.675083] 开始添加学校...
[2026-04-01 03:00:00.700127] 添加了 0 所学校
添加前: {'Europe': 370, 'North America': 224, 'South America': 84}
添加后: {'Europe': 370, 'North America': 224, 'South America': 84}
[2026-04-01 07:00:47.137600] 开始添加学校...
[2026-04-01 07:00:47.171696] 添加了 0 所学校
添加前: {'Europe': 370, 'North America': 224, 'South America': 84}
添加后: {'Europe': 370, 'North America': 224, 'South America': 84}
[2026-04-01 09:00:00.883835] 开始添加学校...
[2026-04-01 09:00:00.902630] 添加了 0 所学校
添加前: {'Europe': 370, 'North America': 224, 'South America': 84}
添加后: {'Europe': 370, 'North America': 224, 'South America': 84}
[2026-04-01 11:01:10.813832] 开始添加学校...
[2026-04-01 11:01:10.844606] 添加了 0 所学校
添加前: {'Europe': 370, 'North America': 224, 'South America': 84}
添加后: {'Europe': 370, 'North America': 224, 'South America': 84}
[2026-04-01 12:00:49.253814] 开始添加学校...
[2026-04-01 12:00:49.276076] 添加了 0 所学校
添加前: {'Europe': 370, 'North America': 224, 'South America': 84}
添加后: {'Europe': 370, 'North America': 224, 'South America': 84}
[2026-04-01 13:00:01.031284] 开始添加学校...
[2026-04-01 13:00:01.046351] 添加了 0 所学校
添加前: {'Europe': 370, 'North America': 224, 'South America': 84}
添加后: {'Europe': 370, 'North America': 224, 'South America': 84}
[2026-04-01 14:00:00.481589] 开始添加学校...
[2026-04-01 14:00:00.502760] 添加了 0 所学校
添加前: {'Europe': 370, 'North America': 224, 'South America': 84}
添加后: {'Europe': 370, 'North America': 224, 'South America': 84}
[2026-04-01 15:00:01.159338] 开始添加学校...
[2026-04-01 15:00:01.176151] 添加了 0 所学校
添加前: {'Europe': 370, 'North America': 224, 'South America': 84}
添加后: {'Europe': 370, 'North America': 224, 'South America': 84}
[2026-04-03 10:02:14.997567] 开始添加学校...
[2026-04-03 10:06:25.088863] 添加了 0 所学校
添加前: {'Europe': 370, 'North America': 224, 'South America': 84}
添加后: {'Europe': 370, 'North America': 224, 'South America': 84}
[2026-04-03 11:00:00.349398] 开始添加学校...
[2026-04-03 11:00:00.380688] 添加了 0 所学校
添加前: {'Europe': 370, 'North America': 224, 'South America': 84}
添加后: {'Europe': 370, 'North America': 224, 'South America': 84}
[2026-04-03 12:04:04.249534] 开始添加学校...
[2026-04-03 12:04:04.311293] 添加了 0 所学校
添加前: {'Europe': 370, 'North America': 224, 'South America': 84}
添加后: {'Europe': 370, 'North America': 224, 'South America': 84}
[2026-04-03 15:00:00.272407] 开始添加学校...
[2026-04-03 15:00:00.321443] 添加了 0 所学校
添加前: {'Europe': 370, 'North America': 224, 'South America': 84}
添加后: {'Europe': 370, 'North America': 224, 'South America': 84}
[2026-04-03 16:00:00.786238] 开始添加学校...
[2026-04-03 16:00:00.827666] 添加了 0 所学校
添加前: {'Europe': 370, 'North America': 224, 'South America': 84}
添加后: {'Europe': 370, 'North America': 224, 'South America': 84}
[2026-04-03 17:00:00.982771] 开始添加学校...
[2026-04-03 17:00:01.018529] 添加了 0 所学校
添加前: {'Europe': 370, 'North America': 224, 'South America': 84}
添加后: {'Europe': 370, 'North America': 224, 'South America': 84}
[2026-04-03 18:00:00.398854] 开始添加学校...
[2026-04-03 18:00:00.435035] 添加了 0 所学校
添加前: {'Europe': 370, 'North America': 224, 'South America': 84}
添加后: {'Europe': 370, 'North America': 224, 'South America': 84}
[2026-04-04 10:00:01.113986] 开始添加学校...
[2026-04-04 10:00:01.132083] 添加了 0 所学校
添加前: {'Europe': 370, 'North America': 224, 'South America': 84}
添加后: {'Europe': 370, 'North America': 224, 'South America': 84}
[2026-04-04 11:00:00.280767] 开始添加学校...
[2026-04-04 11:00:00.314138] 添加了 0 所学校
添加前: {'Europe': 370, 'North America': 224, 'South America': 84}
添加后: {'Europe': 370, 'North America': 224, 'South America': 84}
[2026-04-13 22:00:00.831248] 开始添加学校...
[2026-04-13 22:00:00.871819] 添加了 0 所学校
添加前: {'Europe': 370, 'North America': 224, 'South America': 84}
添加后: {'Europe': 370, 'North America': 224, 'South America': 84}
[2026-04-14 11:00:00.487256] 开始添加学校...
[2026-04-14 11:00:00.527422] 添加了 0 所学校
添加前: {'Europe': 370, 'North America': 224, 'South America': 84}
添加后: {'Europe': 370, 'North America': 224, 'South America': 84}
[2026-04-14 13:00:01.029364] 开始添加学校...
[2026-04-14 13:00:01.060875] 添加了 0 所学校
添加前: {'Europe': 370, 'North America': 224, 'South America': 84}
添加后: {'Europe': 370, 'North America': 224, 'South America': 84}
[2026-04-14 16:00:00.725533] 开始添加学校...
[2026-04-14 16:00:00.760084] 添加了 0 所学校
添加前: {'Europe': 370, 'North America': 224, 'South America': 84}
添加后: {'Europe': 370, 'North America': 224, 'South America': 84}
[2026-04-14 20:00:00.852032] 开始添加学校...
[2026-04-14 20:00:00.894416] 添加了 0 所学校
添加前: {'Europe': 370, 'North America': 224, 'South America': 84}
添加后: {'Europe': 370, 'North America': 224, 'South America': 84}
[2026-04-14 21:00:00.372707] 开始添加学校...
[2026-04-14 21:00:00.419034] 添加了 0 所学校
添加前: {'Europe': 370, 'North America': 224, 'South America': 84}
添加后: {'Europe': 370, 'North America': 224, 'South America': 84}
[2026-04-14 22:00:01.182989] 开始添加学校...
[2026-04-14 22:00:01.207267] 添加了 0 所学校
添加前: {'Europe': 370, 'North America': 224, 'South America': 84}
添加后: {'Europe': 370, 'North America': 224, 'South America': 84}
[2026-04-14 23:00:01.077041] 开始添加学校...
[2026-04-14 23:00:01.111551] 添加了 0 所学校
添加前: {'Europe': 370, 'North America': 224, 'South America': 84}
添加后: {'Europe': 370, 'North America': 224, 'South America': 84}
[2026-04-15 00:00:00.480351] 开始添加学校...
[2026-04-15 00:00:00.520581] 添加了 0 所学校
添加前: {'Europe': 370, 'North America': 224, 'South America': 84}
添加后: {'Europe': 370, 'North America': 224, 'South America': 84}
[2026-04-15 06:01:42.560773] 开始添加学校...
[2026-04-15 06:01:42.597819] 添加了 0 所学校
添加前: {'Europe': 370, 'North America': 224, 'South America': 84}
添加后: {'Europe': 370, 'North America': 224, 'South America': 84}
[2026-04-15 07:00:01.118483] 开始添加学校...
[2026-04-15 07:00:01.150642] 添加了 0 所学校
添加前: {'Europe': 370, 'North America': 224, 'South America': 84}
添加后: {'Europe': 370, 'North America': 224, 'South America': 84}
[2026-04-15 08:04:46.291212] 开始添加学校...
[2026-04-15 08:04:46.341636] 添加了 0 所学校
添加前: {'Europe': 370, 'North America': 224, 'South America': 84}
添加后: {'Europe': 370, 'North America': 224, 'South America': 84}
[2026-04-15 09:00:47.271464] 开始添加学校...
[2026-04-15 09:00:47.291765] 添加了 0 所学校
添加前: {'Europe': 370, 'North America': 224, 'South America': 84}
添加后: {'Europe': 370, 'North America': 224, 'South America': 84}
[2026-04-15 15:01:48.062514] 开始添加学校...
[2026-04-15 15:01:48.102319] 添加了 0 所学校
添加前: {'Europe': 370, 'North America': 224, 'South America': 84}
添加后: {'Europe': 370, 'North America': 224, 'South America': 84}
[2026-04-15 17:00:00.957086] 开始添加学校...
[2026-04-15 17:00:00.983048] 添加了 0 所学校
添加前: {'Europe': 370, 'North America': 224, 'South America': 84}
添加后: {'Europe': 370, 'North America': 224, 'South America': 84}
[2026-04-15 19:01:47.745748] 开始添加学校...
[2026-04-15 19:01:47.771099] 添加了 0 所学校
添加前: {'Europe': 370, 'North America': 224, 'South America': 84}
添加后: {'Europe': 370, 'North America': 224, 'South America': 84}
[2026-04-15 20:04:24.869822] 开始添加学校...
[2026-04-15 20:04:24.903129] 添加了 0 所学校
添加前: {'Europe': 370, 'North America': 224, 'South America': 84}
添加后: {'Europe': 370, 'North America': 224, 'South America': 84}
[2026-04-15 21:00:21.717491] 开始添加学校...
[2026-04-15 21:00:21.755271] 添加了 0 所学校
添加前: {'Europe': 370, 'North America': 224, 'South America': 84}
添加后: {'Europe': 370, 'North America': 224, 'South America': 84}
[2026-04-15 22:00:28.097419] 开始添加学校...
[2026-04-15 22:00:28.131957] 添加了 0 所学校
添加前: {'Europe': 370, 'North America': 224, 'South America': 84}
添加后: {'Europe': 370, 'North America': 224, 'South America': 84}
[2026-04-15 23:00:00.714868] 开始添加学校...
[2026-04-15 23:00:00.750751] 添加了 0 所学校
添加前: {'Europe': 370, 'North America': 224, 'South America': 84}
添加后: {'Europe': 370, 'North America': 224, 'South America': 84}
[2026-04-16 07:00:12.352175] 开始添加学校...
[2026-04-16 07:00:12.393458] 添加了 0 所学校
添加前: {'Europe': 370, 'North America': 224, 'South America': 84}
添加后: {'Europe': 370, 'North America': 224, 'South America': 84}
[2026-04-16 14:01:52.295698] 开始添加学校...
[2026-04-16 14:01:52.333380] 添加了 0 所学校
添加前: {'Europe': 370, 'North America': 224, 'South America': 84}
添加后: {'Europe': 370, 'North America': 224, 'South America': 84}
[2026-04-16 15:00:35.123601] 开始添加学校...
[2026-04-16 15:00:35.157055] 添加了 0 所学校
添加前: {'Europe': 370, 'North America': 224, 'South America': 84}
添加后: {'Europe': 370, 'North America': 224, 'South America': 84}
[2026-04-16 16:00:18.180290] 开始添加学校...
[2026-04-16 16:00:18.201353] 添加了 0 所学校
添加前: {'Europe': 370, 'North America': 224, 'South America': 84}
添加后: {'Europe': 370, 'North America': 224, 'South America': 84}
[2026-04-16 20:05:20.907686] 开始添加学校...
[2026-04-16 20:05:20.950375] 添加了 0 所学校
添加前: {'Europe': 370, 'North America': 224, 'South America': 84}
添加后: {'Europe': 370, 'North America': 224, 'South America': 84}
[2026-04-16 21:00:26.963066] 开始添加学校...
[2026-04-16 21:00:26.986177] 添加了 0 所学校
添加前: {'Europe': 370, 'North America': 224, 'South America': 84}
添加后: {'Europe': 370, 'North America': 224, 'South America': 84}
[2026-04-16 23:00:05.000164] 开始添加学校...
[2026-04-16 23:00:05.040208] 添加了 0 所学校
添加前: {'Europe': 370, 'North America': 224, 'South America': 84}
添加后: {'Europe': 370, 'North America': 224, 'South America': 84}
[2026-04-17 07:00:24.937741] 开始添加学校...
[2026-04-17 07:00:25.023430] 添加了 0 所学校
添加前: {'Europe': 370, 'North America': 224, 'South America': 84}
添加后: {'Europe': 370, 'North America': 224, 'South America': 84}
[2026-04-17 09:00:00.497284] 开始添加学校...
[2026-04-17 09:00:00.535509] 添加了 0 所学校
添加前: {'Europe': 370, 'North America': 224, 'South America': 84}
添加后: {'Europe': 370, 'North America': 224, 'South America': 84}
[2026-04-17 10:00:08.916608] 开始添加学校...
[2026-04-17 10:00:08.955124] 添加了 0 所学校
添加前: {'Europe': 370, 'North America': 224, 'South America': 84}
添加后: {'Europe': 370, 'North America': 224, 'South America': 84}
[2026-04-17 11:00:08.760688] 开始添加学校...
[2026-04-17 11:00:08.801509] 添加了 0 所学校
添加前: {'Europe': 370, 'North America': 224, 'South America': 84}
添加后: {'Europe': 370, 'North America': 224, 'South America': 84}
[2026-04-17 12:00:09.542556] 开始添加学校...
[2026-04-17 12:00:09.580552] 添加了 0 所学校
添加前: {'Europe': 370, 'North America': 224, 'South America': 84}
添加后: {'Europe': 370, 'North America': 224, 'South America': 84}
[2026-04-17 13:00:10.107004] 开始添加学校...
[2026-04-17 13:00:10.142097] 添加了 0 所学校
添加前: {'Europe': 370, 'North America': 224, 'South America': 84}
添加后: {'Europe': 370, 'North America': 224, 'South America': 84}
[2026-04-17 14:00:09.922142] 开始添加学校...
[2026-04-17 14:00:09.959820] 添加了 0 所学校
添加前: {'Europe': 370, 'North America': 224, 'South America': 84}
添加后: {'Europe': 370, 'North America': 224, 'South America': 84}
[2026-04-17 15:00:10.226692] 开始添加学校...
[2026-04-17 15:00:10.273113] 添加了 0 所学校
添加前: {'Europe': 370, 'North America': 224, 'South America': 84}
添加后: {'Europe': 370, 'North America': 224, 'South America': 84}
[2026-04-17 16:00:10.200129] 开始添加学校...
[2026-04-17 16:00:10.235104] 添加了 0 所学校
添加前: {'Europe': 370, 'North America': 224, 'South America': 84}
添加后: {'Europe': 370, 'North America': 224, 'South America': 84}
[2026-04-17 17:00:01.249834] 开始添加学校...
[2026-04-17 17:00:01.291444] 添加了 0 所学校
添加前: {'Europe': 370, 'North America': 224, 'South America': 84}
添加后: {'Europe': 370, 'North America': 224, 'South America': 84}
[2026-04-17 18:00:09.312602] 开始添加学校...
[2026-04-17 18:00:09.354712] 添加了 0 所学校
添加前: {'Europe': 370, 'North America': 224, 'South America': 84}
添加后: {'Europe': 370, 'North America': 224, 'South America': 84}
[2026-04-17 20:00:19.380556] 开始添加学校...
[2026-04-17 20:00:19.424001] 添加了 0 所学校
添加前: {'Europe': 370, 'North America': 224, 'South America': 84}
添加后: {'Europe': 370, 'North America': 224, 'South America': 84}
[2026-04-17 21:00:08.713312] 开始添加学校...
[2026-04-17 21:00:08.749710] 添加了 0 所学校
添加前: {'Europe': 370, 'North America': 224, 'South America': 84}
添加后: {'Europe': 370, 'North America': 224, 'South America': 84}
[2026-04-17 22:00:03.834427] 开始添加学校...
[2026-04-17 22:00:03.878303] 添加了 0 所学校
添加前: {'Europe': 370, 'North America': 224, 'South America': 84}
添加后: {'Europe': 370, 'North America': 224, 'South America': 84}
[2026-04-17 23:00:10.999775] 开始添加学校...
[2026-04-17 23:00:11.037133] 添加了 0 所学校
添加前: {'Europe': 370, 'North America': 224, 'South America': 84}
添加后: {'Europe': 370, 'North America': 224, 'South America': 84}
[2026-04-18 00:00:00.628740] 开始添加学校...
[2026-04-18 00:00:00.666739] 添加了 0 所学校
添加前: {'Europe': 370, 'North America': 224, 'South America': 84}
添加后: {'Europe': 370, 'North America': 224, 'South America': 84}
[2026-04-18 01:00:10.354035] 开始添加学校...
[2026-04-18 01:00:10.385675] 添加了 0 所学校
添加前: {'Europe': 370, 'North America': 224, 'South America': 84}
添加后: {'Europe': 370, 'North America': 224, 'South America': 84}
[2026-04-18 02:00:10.100329] 开始添加学校...
[2026-04-18 02:00:10.142250] 添加了 0 所学校
添加前: {'Europe': 370, 'North America': 224, 'South America': 84}
添加后: {'Europe': 370, 'North America': 224, 'South America': 84}
[2026-04-18 03:00:09.053870] 开始添加学校...
[2026-04-18 03:00:09.093854] 添加了 0 所学校
添加前: {'Europe': 370, 'North America': 224, 'South America': 84}
添加后: {'Europe': 370, 'North America': 224, 'South America': 84}
[2026-04-18 04:00:00.398747] 开始添加学校...
[2026-04-18 04:00:00.442581] 添加了 0 所学校
添加前: {'Europe': 370, 'North America': 224, 'South America': 84}
添加后: {'Europe': 370, 'North America': 224, 'South America': 84}
[2026-04-18 07:00:09.372873] 开始添加学校...
[2026-04-18 07:00:09.414586] 添加了 0 所学校
添加前: {'Europe': 370, 'North America': 224, 'South America': 84}
添加后: {'Europe': 370, 'North America': 224, 'South America': 84}
[2026-04-18 08:00:09.359022] 开始添加学校...
[2026-04-18 08:00:09.399822] 添加了 0 所学校
添加前: {'Europe': 370, 'North America': 224, 'South America': 84}
添加后: {'Europe': 370, 'North America': 224, 'South America': 84}
[2026-04-18 09:00:05.605599] 开始添加学校...
[2026-04-18 09:00:05.646805] 添加了 0 所学校
添加前: {'Europe': 370, 'North America': 224, 'South America': 84}
添加后: {'Europe': 370, 'North America': 224, 'South America': 84}
[2026-04-18 11:00:05.668883] 开始添加学校...
[2026-04-18 11:00:05.708094] 添加了 0 所学校
添加前: {'Europe': 370, 'North America': 224, 'South America': 84}
添加后: {'Europe': 370, 'North America': 224, 'South America': 84}
[2026-04-18 12:00:09.362591] 开始添加学校...
[2026-04-18 12:00:09.403446] 添加了 0 所学校
添加前: {'Europe': 370, 'North America': 224, 'South America': 84}
添加后: {'Europe': 370, 'North America': 224, 'South America': 84}
[2026-04-18 13:00:09.495308] 开始添加学校...
[2026-04-18 13:00:09.536546] 添加了 0 所学校
添加前: {'Europe': 370, 'North America': 224, 'South America': 84}
添加后: {'Europe': 370, 'North America': 224, 'South America': 84}
[2026-04-18 15:00:09.702781] 开始添加学校...
[2026-04-18 15:00:09.745011] 添加了 0 所学校
添加前: {'Europe': 370, 'North America': 224, 'South America': 84}
添加后: {'Europe': 370, 'North America': 224, 'South America': 84}
[2026-04-18 16:00:09.287792] 开始添加学校...
[2026-04-18 16:00:09.329999] 添加了 0 所学校
添加前: {'Europe': 370, 'North America': 224, 'South America': 84}
添加后: {'Europe': 370, 'North America': 224, 'South America': 84}
[2026-04-18 18:00:10.086585] 开始添加学校...
[2026-04-18 18:00:10.128825] 添加了 0 所学校
添加前: {'Europe': 370, 'North America': 224, 'South America': 84}
添加后: {'Europe': 370, 'North America': 224, 'South America': 84}
[2026-04-18 19:00:10.296862] 开始添加学校...
[2026-04-18 19:00:10.336119] 添加了 0 所学校
添加前: {'Europe': 370, 'North America': 224, 'South America': 84}
添加后: {'Europe': 370, 'North America': 224, 'South America': 84}
[2026-04-18 20:00:07.723926] 开始添加学校...
[2026-04-18 20:00:07.765681] 添加了 0 所学校
添加前: {'Europe': 370, 'North America': 224, 'South America': 84}
添加后: {'Europe': 370, 'North America': 224, 'South America': 84}
[2026-04-18 22:00:09.814315] 开始添加学校...
[2026-04-18 22:00:09.856159] 添加了 0 所学校
添加前: {'Europe': 370, 'North America': 224, 'South America': 84}
添加后: {'Europe': 370, 'North America': 224, 'South America': 84}
[2026-04-18 23:00:08.423215] 开始添加学校...
[2026-04-18 23:00:08.467083] 添加了 0 所学校
添加前: {'Europe': 370, 'North America': 224, 'South America': 84}
添加后: {'Europe': 370, 'North America': 224, 'South America': 84}
[2026-04-19 00:00:10.750434] 开始添加学校...
[2026-04-19 00:00:10.792818] 添加了 0 所学校
添加前: {'Europe': 370, 'North America': 224, 'South America': 84}
添加后: {'Europe': 370, 'North America': 224, 'South America': 84}
[2026-04-19 01:00:13.508338] 开始添加学校...
[2026-04-19 01:00:13.549118] 添加了 0 所学校
添加前: {'Europe': 370, 'North America': 224, 'South America': 84}
添加后: {'Europe': 370, 'North America': 224, 'South America': 84}
[2026-04-19 02:00:08.896141] 开始添加学校...
[2026-04-19 02:00:08.934053] 添加了 0 所学校
添加前: {'Europe': 370, 'North America': 224, 'South America': 84}
添加后: {'Europe': 370, 'North America': 224, 'South America': 84}
[2026-04-19 04:00:01.069846] 开始添加学校...
[2026-04-19 04:00:01.114236] 添加了 0 所学校
添加前: {'Europe': 370, 'North America': 224, 'South America': 84}
添加后: {'Europe': 370, 'North America': 224, 'South America': 84}
[2026-04-19 05:00:08.127629] 开始添加学校...
[2026-04-19 05:00:08.166344] 添加了 0 所学校
添加前: {'Europe': 370, 'North America': 224, 'South America': 84}
添加后: {'Europe': 370, 'North America': 224, 'South America': 84}
[2026-04-19 06:00:09.197943] 开始添加学校...
[2026-04-19 06:00:09.237202] 添加了 0 所学校
添加前: {'Europe': 370, 'North America': 224, 'South America': 84}
添加后: {'Europe': 370, 'North America': 224, 'South America': 84}
[2026-04-19 07:00:09.174682] 开始添加学校...
[2026-04-19 07:00:09.216753] 添加了 0 所学校
添加前: {'Europe': 370, 'North America': 224, 'South America': 84}
添加后: {'Europe': 370, 'North America': 224, 'South America': 84}
[2026-04-19 08:00:19.150500] 开始添加学校...
[2026-04-19 08:00:19.191594] 添加了 0 所学校
添加前: {'Europe': 370, 'North America': 224, 'South America': 84}
添加后: {'Europe': 370, 'North America': 224, 'South America': 84}
[2026-04-19 10:00:17.636739] 开始添加学校...
[2026-04-19 10:00:17.674237] 添加了 0 所学校
添加前: {'Europe': 370, 'North America': 224, 'South America': 84}
添加后: {'Europe': 370, 'North America': 224, 'South America': 84}
[2026-04-19 11:00:09.382225] 开始添加学校...
[2026-04-19 11:00:09.422971] 添加了 0 所学校
添加前: {'Europe': 370, 'North America': 224, 'South America': 84}
添加后: {'Europe': 370, 'North America': 224, 'South America': 84}
[2026-04-19 12:00:08.732806] 开始添加学校...
[2026-04-19 12:00:08.772860] 添加了 0 所学校
添加前: {'Europe': 370, 'North America': 224, 'South America': 84}
添加后: {'Europe': 370, 'North America': 224, 'South America': 84}
[2026-04-19 13:00:09.633884] 开始添加学校...
[2026-04-19 13:00:09.670169] 添加了 0 所学校
添加前: {'Europe': 370, 'North America': 224, 'South America': 84}
添加后: {'Europe': 370, 'North America': 224, 'South America': 84}
[2026-04-19 14:00:17.808942] 开始添加学校...
[2026-04-19 14:00:17.852729] 添加了 0 所学校
添加前: {'Europe': 370, 'North America': 224, 'South America': 84}
添加后: {'Europe': 370, 'North America': 224, 'South America': 84}
[2026-04-19 15:00:17.260261] 开始添加学校...
[2026-04-19 15:00:17.298238] 添加了 0 所学校
添加前: {'Europe': 370, 'North America': 224, 'South America': 84}
添加后: {'Europe': 370, 'North America': 224, 'South America': 84}
[2026-04-19 16:00:00.765659] 开始添加学校...
[2026-04-19 16:00:00.805383] 添加了 0 所学校
添加前: {'Europe': 370, 'North America': 224, 'South America': 84}
添加后: {'Europe': 370, 'North America': 224, 'South America': 84}
[2026-04-19 17:00:09.246643] 开始添加学校...
[2026-04-19 17:00:09.280605] 添加了 0 所学校
添加前: {'Europe': 370, 'North America': 224, 'South America': 84}
添加后: {'Europe': 370, 'North America': 224, 'South America': 84}
[2026-04-19 18:00:09.781389] 开始添加学校...
[2026-04-19 18:00:09.820512] 添加了 0 所学校
添加前: {'Europe': 370, 'North America': 224, 'South America': 84}
添加后: {'Europe': 370, 'North America': 224, 'South America': 84}
[2026-04-19 19:00:00.854158] 开始添加学校...
[2026-04-19 19:00:00.893913] 添加了 0 所学校
添加前: {'Europe': 370, 'North America': 224, 'South America': 84}
添加后: {'Europe': 370, 'North America': 224, 'South America': 84}
[2026-04-19 21:00:00.897431] 开始添加学校...
[2026-04-19 21:00:00.938753] 添加了 0 所学校
添加前: {'Europe': 370, 'North America': 224, 'South America': 84}
添加后: {'Europe': 370, 'North America': 224, 'South America': 84}
[2026-04-19 22:00:00.671566] 开始添加学校...
[2026-04-19 22:00:00.713882] 添加了 0 所学校
添加前: {'Europe': 370, 'North America': 224, 'South America': 84}
添加后: {'Europe': 370, 'North America': 224, 'South America': 84}
[2026-04-20 06:00:00.875307] 开始添加学校...
[2026-04-20 06:00:00.935320] 添加了 0 所学校
添加前: {'Europe': 370, 'North America': 224, 'South America': 84}
添加后: {'Europe': 370, 'North America': 224, 'South America': 84}
[2026-04-20 07:00:21.911988] 开始添加学校...
[2026-04-20 07:00:21.935318] 添加了 0 所学校
添加前: {'Europe': 370, 'North America': 224, 'South America': 84}
添加后: {'Europe': 370, 'North America': 224, 'South America': 84}
[2026-04-20 14:00:54.086090] 开始添加学校...
[2026-04-20 14:00:54.123186] 添加了 0 所学校
添加前: {'Europe': 370, 'North America': 224, 'South America': 84}
添加后: {'Europe': 370, 'North America': 224, 'South America': 84}
[2026-04-20 20:00:01.165830] 开始添加学校...
[2026-04-20 20:00:01.185957] 添加了 0 所学校
添加前: {'Europe': 370, 'North America': 224, 'South America': 84}
添加后: {'Europe': 370, 'North America': 224, 'South America': 84}
[2026-04-20 21:00:01.059377] 开始添加学校...
[2026-04-20 21:00:01.097303] 添加了 0 所学校
添加前: {'Europe': 370, 'North America': 224, 'South America': 84}
添加后: {'Europe': 370, 'North America': 224, 'South America': 84}
[2026-04-20 22:00:01.037550] 开始添加学校...
[2026-04-20 22:00:01.076471] 添加了 0 所学校
添加前: {'Europe': 370, 'North America': 224, 'South America': 84}
添加后: {'Europe': 370, 'North America': 224, 'South America': 84}
[2026-04-20 23:00:00.450165] 开始添加学校...
[2026-04-20 23:00:00.487534] 添加了 0 所学校
添加前: {'Europe': 370, 'North America': 224, 'South America': 84}
添加后: {'Europe': 370, 'North America': 224, 'South America': 84}
[2026-04-21 00:00:01.121672] 开始添加学校...
[2026-04-21 00:00:01.160373] 添加了 0 所学校
添加前: {'Europe': 370, 'North America': 224, 'South America': 84}
添加后: {'Europe': 370, 'North America': 224, 'South America': 84}
[2026-04-21 01:00:29.346347] 开始添加学校...
[2026-04-21 01:00:29.384309] 添加了 0 所学校
添加前: {'Europe': 370, 'North America': 224, 'South America': 84}
添加后: {'Europe': 370, 'North America': 224, 'South America': 84}
[2026-04-21 02:00:29.841686] 开始添加学校...
[2026-04-21 02:00:29.880482] 添加了 0 所学校
添加前: {'Europe': 370, 'North America': 224, 'South America': 84}
添加后: {'Europe': 370, 'North America': 224, 'South America': 84}
[2026-04-21 03:00:00.737298] 开始添加学校...
[2026-04-21 03:00:00.770016] 添加了 0 所学校
添加前: {'Europe': 370, 'North America': 224, 'South America': 84}
添加后: {'Europe': 370, 'North America': 224, 'South America': 84}
[2026-04-21 04:00:00.928500] 开始添加学校...
[2026-04-21 04:00:00.953289] 添加了 0 所学校
添加前: {'Europe': 370, 'North America': 224, 'South America': 84}
添加后: {'Europe': 370, 'North America': 224, 'South America': 84}
[2026-04-21 05:00:00.607934] 开始添加学校...
[2026-04-21 05:00:00.630730] 添加了 0 所学校
添加前: {'Europe': 370, 'North America': 224, 'South America': 84}
添加后: {'Europe': 370, 'North America': 224, 'South America': 84}
[2026-04-21 06:00:00.848005] 开始添加学校...
[2026-04-21 06:00:00.890927] 添加了 0 所学校
添加前: {'Europe': 370, 'North America': 224, 'South America': 84}
添加后: {'Europe': 370, 'North America': 224, 'South America': 84}
[2026-04-21 07:00:00.775875] 开始添加学校...
[2026-04-21 07:00:00.817988] 添加了 0 所学校
添加前: {'Europe': 370, 'North America': 224, 'South America': 84}
添加后: {'Europe': 370, 'North America': 224, 'South America': 84}
[2026-04-21 08:00:28.444646] 开始添加学校...
[2026-04-21 08:00:28.484454] 添加了 0 所学校
添加前: {'Europe': 370, 'North America': 224, 'South America': 84}
添加后: {'Europe': 370, 'North America': 224, 'South America': 84}
[2026-04-21 09:00:00.816078] 开始添加学校...
[2026-04-21 09:00:00.839729] 添加了 0 所学校
添加前: {'Europe': 370, 'North America': 224, 'South America': 84}
添加后: {'Europe': 370, 'North America': 224, 'South America': 84}
[2026-04-21 10:00:00.827563] 开始添加学校...
[2026-04-21 10:00:00.847256] 添加了 0 所学校
添加前: {'Europe': 370, 'North America': 224, 'South America': 84}
添加后: {'Europe': 370, 'North America': 224, 'South America': 84}
[2026-04-21 11:00:30.204715] 开始添加学校...
[2026-04-21 11:00:30.242680] 添加了 0 所学校
添加前: {'Europe': 370, 'North America': 224, 'South America': 84}
添加后: {'Europe': 370, 'North America': 224, 'South America': 84}
[2026-04-21 12:00:21.610333] 开始添加学校...
[2026-04-21 12:00:21.637585] 添加了 0 所学校
添加前: {'Europe': 370, 'North America': 224, 'South America': 84}
添加后: {'Europe': 370, 'North America': 224, 'South America': 84}
[2026-04-21 13:00:01.076328] 开始添加学校...
[2026-04-21 13:00:01.103036] 添加了 0 所学校
添加前: {'Europe': 370, 'North America': 224, 'South America': 84}
添加后: {'Europe': 370, 'North America': 224, 'South America': 84}
[2026-04-21 14:00:00.508807] 开始添加学校...
[2026-04-21 14:00:00.527140] 添加了 0 所学校
添加前: {'Europe': 370, 'North America': 224, 'South America': 84}
添加后: {'Europe': 370, 'North America': 224, 'South America': 84}
[2026-04-21 15:00:46.650172] 开始添加学校...
[2026-04-21 15:00:46.675353] 添加了 0 所学校
添加前: {'Europe': 370, 'North America': 224, 'South America': 84}
添加后: {'Europe': 370, 'North America': 224, 'South America': 84}
[2026-04-21 16:00:21.321661] 开始添加学校...
[2026-04-21 16:00:21.342908] 添加了 0 所学校
添加前: {'Europe': 370, 'North America': 224, 'South America': 84}
添加后: {'Europe': 370, 'North America': 224, 'South America': 84}
[2026-04-21 17:00:31.536077] 开始添加学校...
[2026-04-21 17:00:31.575710] 添加了 0 所学校
添加前: {'Europe': 370, 'North America': 224, 'South America': 84}
添加后: {'Europe': 370, 'North America': 224, 'South America': 84}
[2026-04-21 18:01:48.702392] 开始添加学校...
[2026-04-21 18:01:48.727475] 添加了 0 所学校
添加前: {'Europe': 370, 'North America': 224, 'South America': 84}
添加后: {'Europe': 370, 'North America': 224, 'South America': 84}
[2026-04-21 19:00:00.979328] 开始添加学校...
[2026-04-21 19:00:01.007158] 添加了 0 所学校
添加前: {'Europe': 370, 'North America': 224, 'South America': 84}
添加后: {'Europe': 370, 'North America': 224, 'South America': 84}
[2026-04-21 20:00:00.435991] 开始添加学校...
[2026-04-21 20:00:00.490015] 添加了 0 所学校
添加前: {'Europe': 370, 'North America': 224, 'South America': 84}
添加后: {'Europe': 370, 'North America': 224, 'South America': 84}
[2026-04-21 21:00:01.084347] 开始添加学校...
[2026-04-21 21:00:01.122377] 添加了 0 所学校
添加前: {'Europe': 370, 'North America': 224, 'South America': 84}
添加后: {'Europe': 370, 'North America': 224, 'South America': 84}
[2026-04-21 22:00:01.121679] 开始添加学校...
[2026-04-21 22:00:01.153907] 添加了 0 所学校
添加前: {'Europe': 370, 'North America': 224, 'South America': 84}
添加后: {'Europe': 370, 'North America': 224, 'South America': 84}
[2026-04-21 23:00:00.531500] 开始添加学校...
[2026-04-21 23:00:00.548417] 添加了 0 所学校
添加前: {'Europe': 370, 'North America': 224, 'South America': 84}
添加后: {'Europe': 370, 'North America': 224, 'South America': 84}
[2026-04-22 00:00:01.210876] 开始添加学校...
[2026-04-22 00:00:01.253059] 添加了 0 所学校
添加前: {'Europe': 370, 'North America': 224, 'South America': 84}
添加后: {'Europe': 370, 'North America': 224, 'South America': 84}
[2026-04-22 01:00:00.565597] 开始添加学校...
[2026-04-22 01:00:00.583954] 添加了 0 所学校
添加前: {'Europe': 370, 'North America': 224, 'South America': 84}
添加后: {'Europe': 370, 'North America': 224, 'South America': 84}
[2026-04-22 02:00:00.228995] 开始添加学校...
[2026-04-22 02:00:00.269958] 添加了 0 所学校
添加前: {'Europe': 370, 'North America': 224, 'South America': 84}
添加后: {'Europe': 370, 'North America': 224, 'South America': 84}
[2026-04-22 03:00:00.974668] 开始添加学校...
[2026-04-22 03:00:01.012386] 添加了 0 所学校
添加前: {'Europe': 370, 'North America': 224, 'South America': 84}
添加后: {'Europe': 370, 'North America': 224, 'South America': 84}
[2026-04-22 04:00:00.875187] 开始添加学校...
[2026-04-22 04:00:00.900922] 添加了 0 所学校
添加前: {'Europe': 370, 'North America': 224, 'South America': 84}
添加后: {'Europe': 370, 'North America': 224, 'South America': 84}
[2026-04-22 05:00:01.025704] 开始添加学校...
[2026-04-22 05:00:01.065843] 添加了 0 所学校
添加前: {'Europe': 370, 'North America': 224, 'South America': 84}
添加后: {'Europe': 370, 'North America': 224, 'South America': 84}
[2026-04-22 06:00:00.859217] 开始添加学校...
[2026-04-22 06:00:00.885230] 添加了 0 所学校
添加前: {'Europe': 370, 'North America': 224, 'South America': 84}
添加后: {'Europe': 370, 'North America': 224, 'South America': 84}
[2026-04-22 07:00:00.654412] 开始添加学校...
[2026-04-22 07:00:00.686438] 添加了 0 所学校
添加前: {'Europe': 370, 'North America': 224, 'South America': 84}
添加后: {'Europe': 370, 'North America': 224, 'South America': 84}
[2026-04-22 08:00:00.326368] 开始添加学校...
[2026-04-22 08:00:00.367415] 添加了 0 所学校
添加前: {'Europe': 370, 'North America': 224, 'South America': 84}
添加后: {'Europe': 370, 'North America': 224, 'South America': 84}
[2026-04-22 09:00:43.807505] 开始添加学校...
[2026-04-22 09:00:43.842397] 添加了 0 所学校
添加前: {'Europe': 370, 'North America': 224, 'South America': 84}
添加后: {'Europe': 370, 'North America': 224, 'South America': 84}
[2026-04-22 10:00:11.117133] 开始添加学校...
[2026-04-22 10:00:11.132352] 添加了 0 所学校
添加前: {'Europe': 370, 'North America': 224, 'South America': 84}
添加后: {'Europe': 370, 'North America': 224, 'South America': 84}
[2026-04-22 11:00:11.668070] 开始添加学校...
[2026-04-22 11:00:11.703469] 添加了 0 所学校
添加前: {'Europe': 370, 'North America': 224, 'South America': 84}
添加后: {'Europe': 370, 'North America': 224, 'South America': 84}
[2026-04-22 12:00:10.345335] 开始添加学校...
[2026-04-22 12:00:10.378687] 添加了 0 所学校
添加前: {'Europe': 370, 'North America': 224, 'South America': 84}
添加后: {'Europe': 370, 'North America': 224, 'South America': 84}
[2026-04-22 13:00:13.387106] 开始添加学校...
[2026-04-22 13:00:13.450241] 添加了 0 所学校
添加前: {'Europe': 370, 'North America': 224, 'South America': 84}
添加后: {'Europe': 370, 'North America': 224, 'South America': 84}
[2026-04-22 14:00:08.873569] 开始添加学校...
[2026-04-22 14:00:08.899075] 添加了 0 所学校
添加前: {'Europe': 370, 'North America': 224, 'South America': 84}
添加后: {'Europe': 370, 'North America': 224, 'South America': 84}
[2026-04-22 15:00:08.234791] 开始添加学校...
[2026-04-22 15:00:08.257337] 添加了 0 所学校
添加前: {'Europe': 370, 'North America': 224, 'South America': 84}
添加后: {'Europe': 370, 'North America': 224, 'South America': 84}
[2026-04-22 16:00:08.729783] 开始添加学校...
[2026-04-22 16:00:08.750963] 添加了 0 所学校
添加前: {'Europe': 370, 'North America': 224, 'South America': 84}
添加后: {'Europe': 370, 'North America': 224, 'South America': 84}
[2026-04-22 17:00:08.543098] 开始添加学校...
[2026-04-22 17:00:08.567685] 添加了 0 所学校
添加前: {'Europe': 370, 'North America': 224, 'South America': 84}
添加后: {'Europe': 370, 'North America': 224, 'South America': 84}
[2026-04-22 18:00:11.705259] 开始添加学校...
[2026-04-22 18:00:11.746215] 添加了 0 所学校
添加前: {'Europe': 370, 'North America': 224, 'South America': 84}
添加后: {'Europe': 370, 'North America': 224, 'South America': 84}
[2026-04-22 19:00:00.517969] 开始添加学校...
[2026-04-22 19:00:00.536645] 添加了 0 所学校
添加前: {'Europe': 370, 'North America': 224, 'South America': 84}
添加后: {'Europe': 370, 'North America': 224, 'South America': 84}
[2026-04-22 20:00:08.887376] 开始添加学校...
[2026-04-22 20:00:08.921911] 添加了 0 所学校
添加前: {'Europe': 370, 'North America': 224, 'South America': 84}
添加后: {'Europe': 370, 'North America': 224, 'South America': 84}
[2026-04-22 21:00:00.408473] 开始添加学校...
[2026-04-22 21:00:00.441594] 添加了 0 所学校
添加前: {'Europe': 370, 'North America': 224, 'South America': 84}
添加后: {'Europe': 370, 'North America': 224, 'South America': 84}
[2026-04-22 22:00:00.648114] 开始添加学校...
[2026-04-22 22:00:00.670615] 添加了 0 所学校
添加前: {'Europe': 370, 'North America': 224, 'South America': 84}
添加后: {'Europe': 370, 'North America': 224, 'South America': 84}
[2026-04-22 23:00:01.024852] 开始添加学校...
[2026-04-22 23:00:01.066741] 添加了 0 所学校
添加前: {'Europe': 370, 'North America': 224, 'South America': 84}
添加后: {'Europe': 370, 'North America': 224, 'South America': 84}
[2026-04-23 07:00:18.874161] 开始添加学校...
[2026-04-23 07:33:39.136547] 添加了 0 所学校
添加前: {'Europe': 370, 'North America': 224, 'South America': 84}
添加后: {'Europe': 370, 'North America': 224, 'South America': 84}
[2026-04-23 22:00:01.048145] 开始添加学校...
[2026-04-23 22:00:01.081261] 添加了 0 所学校
添加前: {'Europe': 370, 'North America': 224, 'South America': 84}
添加后: {'Europe': 370, 'North America': 224, 'South America': 84}
[2026-04-24 08:03:37.896667] 开始添加学校...
[2026-04-24 08:03:37.919234] 添加了 0 所学校
添加前: {'Europe': 370, 'North America': 224, 'South America': 84}
添加后: {'Europe': 370, 'North America': 224, 'South America': 84}
[2026-04-24 15:00:00.887364] 开始添加学校...
[2026-04-24 15:00:49.621219] 添加了 0 所学校
添加前: {'Europe': 370, 'North America': 224, 'South America': 84}
添加后: {'Europe': 370, 'North America': 224, 'South America': 84}
[2026-04-24 17:00:00.398043] 开始添加学校...
[2026-04-24 17:00:00.434531] 添加了 0 所学校
添加前: {'Europe': 370, 'North America': 224, 'South America': 84}
添加后: {'Europe': 370, 'North America': 224, 'South America': 84}
[2026-04-27 22:00:00.304547] 开始添加学校...
[2026-04-27 22:00:00.343423] 添加了 0 所学校
添加前: {'Europe': 370, 'North America': 224, 'South America': 84}
添加后: {'Europe': 370, 'North America': 224, 'South America': 84}
[2026-04-28 07:00:50.163369] 开始添加学校...
[2026-04-28 07:00:50.199221] 添加了 0 所学校
添加前: {'Europe': 370, 'North America': 224, 'South America': 84}
添加后: {'Europe': 370, 'North America': 224, 'South America': 84}
[2026-04-28 14:01:54.417953] 开始添加学校...
[2026-04-28 14:01:54.454729] 添加了 0 所学校
添加前: {'Europe': 370, 'North America': 224, 'South America': 84}
添加后: {'Europe': 370, 'North America': 224, 'South America': 84}
[2026-04-28 22:00:00.987542] 开始添加学校...
[2026-04-28 22:00:01.023358] 添加了 0 所学校
添加前: {'Europe': 370, 'North America': 224, 'South America': 84}
添加后: {'Europe': 370, 'North America': 224, 'South America': 84}
[2026-04-28 23:00:00.336704] 开始添加学校...
[2026-04-28 23:00:00.369943] 添加了 0 所学校
添加前: {'Europe': 370, 'North America': 224, 'South America': 84}
添加后: {'Europe': 370, 'North America': 224, 'South America': 84}
[2026-04-29 00:00:00.286965] 开始添加学校...
[2026-04-29 00:00:00.319915] 添加了 0 所学校
添加前: {'Europe': 370, 'North America': 224, 'South America': 84}
添加后: {'Europe': 370, 'North America': 224, 'South America': 84}
[2026-04-29 04:00:00.712617] 开始添加学校...
[2026-04-29 04:00:00.751525] 添加了 0 所学校
添加前: {'Europe': 370, 'North America': 224, 'South America': 84}
添加后: {'Europe': 370, 'North America': 224, 'South America': 84}
[2026-04-29 07:00:35.734428] 开始添加学校...
[2026-04-29 07:00:35.749187] 添加了 0 所学校
添加前: {'Europe': 370, 'North America': 224, 'South America': 84}
添加后: {'Europe': 370, 'North America': 224, 'South America': 84}
[2026-04-29 08:02:03.078706] 开始添加学校...
[2026-04-29 08:02:03.113510] 添加了 0 所学校
添加前: {'Europe': 370, 'North America': 224, 'South America': 84}
添加后: {'Europe': 370, 'North America': 224, 'South America': 84}
[2026-04-29 10:00:01.105768] 开始添加学校...
[2026-04-29 10:00:01.147825] 添加了 0 所学校
添加前: {'Europe': 370, 'North America': 224, 'South America': 84}
添加后: {'Europe': 370, 'North America': 224, 'South America': 84}
[2026-04-29 11:00:55.374017] 开始添加学校...
[2026-04-29 11:00:55.391943] 添加了 0 所学校
添加前: {'Europe': 370, 'North America': 224, 'South America': 84}
添加后: {'Europe': 370, 'North America': 224, 'South America': 84}
[2026-04-29 12:02:05.714278] 开始添加学校...
[2026-04-29 12:02:05.731807] 添加了 0 所学校
添加前: {'Europe': 370, 'North America': 224, 'South America': 84}
添加后: {'Europe': 370, 'North America': 224, 'South America': 84}
[2026-04-29 13:02:43.780142] 开始添加学校...
[2026-04-29 13:02:43.797106] 添加了 0 所学校
添加前: {'Europe': 370, 'North America': 224, 'South America': 84}
添加后: {'Europe': 370, 'North America': 224, 'South America': 84}
[2026-04-29 14:00:01.162847] 开始添加学校...
[2026-04-29 14:00:01.180817] 添加了 0 所学校
添加前: {'Europe': 370, 'North America': 224, 'South America': 84}
添加后: {'Europe': 370, 'North America': 224, 'South America': 84}
[2026-04-29 16:04:39.194538] 开始添加学校...
[2026-04-29 16:04:39.211516] 添加了 0 所学校
添加前: {'Europe': 370, 'North America': 224, 'South America': 84}
添加后: {'Europe': 370, 'North America': 224, 'South America': 84}
[2026-04-29 17:00:00.935611] 开始添加学校...
[2026-04-29 17:00:00.952622] 添加了 0 所学校
添加前: {'Europe': 370, 'North America': 224, 'South America': 84}
添加后: {'Europe': 370, 'North America': 224, 'South America': 84}
[2026-04-29 18:06:04.023392] 开始添加学校...
[2026-04-29 18:06:04.062761] 添加了 0 所学校
添加前: {'Europe': 370, 'North America': 224, 'South America': 84}
添加后: {'Europe': 370, 'North America': 224, 'South America': 84}
[2026-04-29 20:07:25.901075] 开始添加学校...
[2026-04-29 20:07:25.918656] 添加了 0 所学校
添加前: {'Europe': 370, 'North America': 224, 'South America': 84}
添加后: {'Europe': 370, 'North America': 224, 'South America': 84}
[2026-04-29 23:00:00.871980] 开始添加学校...
[2026-04-29 23:00:00.906788] 添加了 0 所学校
添加前: {'Europe': 370, 'North America': 224, 'South America': 84}
添加后: {'Europe': 370, 'North America': 224, 'South America': 84}
[2026-04-30 07:00:06.029134] 开始添加学校...
[2026-04-30 07:00:06.067740] 添加了 0 所学校
添加前: {'Europe': 370, 'North America': 224, 'South America': 84}
添加后: {'Europe': 370, 'North America': 224, 'South America': 84}
[2026-04-30 08:00:32.056703] 开始添加学校...
[2026-04-30 08:00:32.074458] 添加了 0 所学校
添加前: {'Europe': 370, 'North America': 224, 'South America': 84}
添加后: {'Europe': 370, 'North America': 224, 'South America': 84}
[2026-04-30 17:00:00.574480] 开始添加学校...
[2026-04-30 17:00:00.602783] 添加了 0 所学校
添加前: {'Europe': 370, 'North America': 224, 'South America': 84}
添加后: {'Europe': 370, 'North America': 224, 'South America': 84}
[2026-04-30 19:00:21.541092] 开始添加学校...
[2026-04-30 19:00:21.559369] 添加了 0 所学校
添加前: {'Europe': 370, 'North America': 224, 'South America': 84}
添加后: {'Europe': 370, 'North America': 224, 'South America': 84}
[2026-04-30 21:01:18.000761] 开始添加学校...
[2026-04-30 21:01:18.059532] 添加了 0 所学校
添加前: {'Europe': 370, 'North America': 224, 'South America': 84}
添加后: {'Europe': 370, 'North America': 224, 'South America': 84}
[2026-04-30 23:00:36.499319] 开始添加学校...
[2026-04-30 23:00:36.521549] 添加了 0 所学校
添加前: {'Europe': 370, 'North America': 224, 'South America': 84}
添加后: {'Europe': 370, 'North America': 224, 'South America': 84}
[2026-05-01 00:03:21.660293] 开始添加学校...
[2026-05-01 00:03:21.677812] 添加了 0 所学校
添加前: {'Europe': 370, 'North America': 224, 'South America': 84}
添加后: {'Europe': 370, 'North America': 224, 'South America': 84}
[2026-05-01 08:00:02.945551] 开始添加学校...
[2026-05-01 08:00:02.981388] 添加了 0 所学校
添加前: {'Europe': 370, 'North America': 224, 'South America': 84}
添加后: {'Europe': 370, 'North America': 224, 'South America': 84}
[2026-05-01 10:00:00.318642] 开始添加学校...
[2026-05-01 10:00:00.335992] 添加了 0 所学校
添加前: {'Europe': 370, 'North America': 224, 'South America': 84}
添加后: {'Europe': 370, 'North America': 224, 'South America': 84}
[2026-05-01 13:00:00.688007] 开始添加学校...
[2026-05-01 13:00:00.705106] 添加了 0 所学校
添加前: {'Europe': 370, 'North America': 224, 'South America': 84}
添加后: {'Europe': 370, 'North America': 224, 'South America': 84}
[2026-05-01 18:02:19.881156] 开始添加学校...
[2026-05-01 18:02:19.912454] 添加了 0 所学校
添加前: {'Europe': 370, 'North America': 224, 'South America': 84}
添加后: {'Europe': 370, 'North America': 224, 'South America': 84}
[2026-05-01 22:00:00.326614] 开始添加学校...
[2026-05-01 22:00:00.345405] 添加了 0 所学校
添加前: {'Europe': 370, 'North America': 224, 'South America': 84}
添加后: {'Europe': 370, 'North America': 224, 'South America': 84}
[2026-05-02 07:00:17.437376] 开始添加学校...
[2026-05-02 07:00:17.476475] 添加了 0 所学校
添加前: {'Europe': 370, 'North America': 224, 'South America': 84}
添加后: {'Europe': 370, 'North America': 224, 'South America': 84}
[2026-05-02 17:00:00.241934] 开始添加学校...
[2026-05-02 17:00:00.270650] 添加了 0 所学校
添加前: {'Europe': 370, 'North America': 224, 'South America': 84}
添加后: {'Europe': 370, 'North America': 224, 'South America': 84}
[2026-05-02 18:00:00.935187] 开始添加学校...
[2026-05-02 18:00:00.953795] 添加了 0 所学校
添加前: {'Europe': 370, 'North America': 224, 'South America': 84}
添加后: {'Europe': 370, 'North America': 224, 'South America': 84}
[2026-05-02 20:00:00.814773] 开始添加学校...
[2026-05-02 20:00:00.832140] 添加了 0 所学校
添加前: {'Europe': 370, 'North America': 224, 'South America': 84}
添加后: {'Europe': 370, 'North America': 224, 'South America': 84}
[2026-05-02 22:00:37.977035] 开始添加学校...
[2026-05-02 22:00:37.994615] 添加了 0 所学校
添加前: {'Europe': 370, 'North America': 224, 'South America': 84}
添加后: {'Europe': 370, 'North America': 224, 'South America': 84}
[2026-05-03 06:00:00.721251] 开始添加学校...
[2026-05-03 06:00:00.755980] 添加了 0 所学校
添加前: {'Europe': 370, 'North America': 224, 'South America': 84}
添加后: {'Europe': 370, 'North America': 224, 'South America': 84}
[2026-05-03 07:00:15.871843] 开始添加学校...
[2026-05-03 07:00:15.890137] 添加了 0 所学校
添加前: {'Europe': 370, 'North America': 224, 'South America': 84}
添加后: {'Europe': 370, 'North America': 224, 'South America': 84}
[2026-05-03 08:00:00.723990] 开始添加学校...
[2026-05-03 08:00:00.741712] 添加了 0 所学校
添加前: {'Europe': 370, 'North America': 224, 'South America': 84}
添加后: {'Europe': 370, 'North America': 224, 'South America': 84}
[2026-05-03 10:00:00.701795] 开始添加学校...
[2026-05-03 10:00:00.734597] 添加了 0 所学校
添加前: {'Europe': 370, 'North America': 224, 'South America': 84}
添加后: {'Europe': 370, 'North America': 224, 'South America': 84}
[2026-05-03 12:00:59.144614] 开始添加学校...
[2026-05-03 12:00:59.163516] 添加了 0 所学校
添加前: {'Europe': 370, 'North America': 224, 'South America': 84}
添加后: {'Europe': 370, 'North America': 224, 'South America': 84}
[2026-05-03 15:00:00.369422] 开始添加学校...
[2026-05-03 15:00:00.407182] 添加了 0 所学校
添加前: {'Europe': 370, 'North America': 224, 'South America': 84}
添加后: {'Europe': 370, 'North America': 224, 'South America': 84}
[2026-05-03 17:00:00.522392] 开始添加学校...
[2026-05-03 17:00:00.542847] 添加了 0 所学校
添加前: {'Europe': 370, 'North America': 224, 'South America': 84}
添加后: {'Europe': 370, 'North America': 224, 'South America': 84}
[2026-05-03 18:00:03.709418] 开始添加学校...
[2026-05-03 18:00:03.727667] 添加了 0 所学校
添加前: {'Europe': 370, 'North America': 224, 'South America': 84}
添加后: {'Europe': 370, 'North America': 224, 'South America': 84}
[2026-05-03 20:00:00.779124] 开始添加学校...
[2026-05-03 20:00:00.797550] 添加了 0 所学校
添加前: {'Europe': 370, 'North America': 224, 'South America': 84}
添加后: {'Europe': 370, 'North America': 224, 'South America': 84}
[2026-05-03 23:00:16.774258] 开始添加学校...
[2026-05-03 23:00:16.805126] 添加了 0 所学校
添加前: {'Europe': 370, 'North America': 224, 'South America': 84}
添加后: {'Europe': 370, 'North America': 224, 'South America': 84}
[2026-05-04 00:00:28.154547] 开始添加学校...
[2026-05-04 00:00:28.172293] 添加了 0 所学校
添加前: {'Europe': 370, 'North America': 224, 'South America': 84}
添加后: {'Europe': 370, 'North America': 224, 'South America': 84}
[2026-05-04 04:00:01.159527] 开始添加学校...
[2026-05-04 04:00:01.193691] 添加了 0 所学校
添加前: {'Europe': 370, 'North America': 224, 'South America': 84}
添加后: {'Europe': 370, 'North America': 224, 'South America': 84}
[2026-05-04 09:00:01.665573] 开始添加学校...
[2026-05-04 09:00:01.702038] 添加了 0 所学校
添加前: {'Europe': 370, 'North America': 224, 'South America': 84}
添加后: {'Europe': 370, 'North America': 224, 'South America': 84}
[2026-05-04 13:01:38.911322] 开始添加学校...
[2026-05-04 13:01:38.949564] 添加了 0 所学校
添加前: {'Europe': 370, 'North America': 224, 'South America': 84}
添加后: {'Europe': 370, 'North America': 224, 'South America': 84}
[2026-05-04 17:00:00.607479] 开始添加学校...
[2026-05-04 17:00:00.642116] 添加了 0 所学校
添加前: {'Europe': 370, 'North America': 224, 'South America': 84}
添加后: {'Europe': 370, 'North America': 224, 'South America': 84}
[2026-05-04 22:00:02.311772] 开始添加学校...
[2026-05-04 22:00:02.349425] 添加了 0 所学校
添加前: {'Europe': 370, 'North America': 224, 'South America': 84}
添加后: {'Europe': 370, 'North America': 224, 'South America': 84}
[2026-05-04 23:00:00.873251] 开始添加学校...
[2026-05-04 23:00:00.910407] 添加了 0 所学校
添加前: {'Europe': 370, 'North America': 224, 'South America': 84}
添加后: {'Europe': 370, 'North America': 224, 'South America': 84}
[2026-05-05 00:01:10.316225] 开始添加学校...
[2026-05-05 00:01:10.334119] 添加了 0 所学校
添加前: {'Europe': 370, 'North America': 224, 'South America': 84}
添加后: {'Europe': 370, 'North America': 224, 'South America': 84}
[2026-05-05 01:02:05.347185] 开始添加学校...
[2026-05-05 01:02:05.364364] 添加了 0 所学校
添加前: {'Europe': 370, 'North America': 224, 'South America': 84}
添加后: {'Europe': 370, 'North America': 224, 'South America': 84}
[2026-05-05 02:03:13.042804] 开始添加学校...
[2026-05-05 02:03:13.061606] 添加了 0 所学校
添加前: {'Europe': 370, 'North America': 224, 'South America': 84}
添加后: {'Europe': 370, 'North America': 224, 'South America': 84}
[2026-05-05 03:03:27.268294] 开始添加学校...
[2026-05-05 03:03:27.286638] 添加了 0 所学校
添加前: {'Europe': 370, 'North America': 224, 'South America': 84}
添加后: {'Europe': 370, 'North America': 224, 'South America': 84}
[2026-05-05 05:05:30.808245] 开始添加学校...
[2026-05-05 05:05:30.818397] 添加了 0 所学校
添加前: {'Europe': 370, 'North America': 224, 'South America': 84}
添加后: {'Europe': 370, 'North America': 224, 'South America': 84}
[2026-05-05 06:06:38.444479] 开始添加学校...
[2026-05-05 06:06:38.462794] 添加了 0 所学校
添加前: {'Europe': 370, 'North America': 224, 'South America': 84}
添加后: {'Europe': 370, 'North America': 224, 'South America': 84}
[2026-05-05 07:00:00.621324] 开始添加学校...
[2026-05-05 07:00:00.655247] 添加了 0 所学校
添加前: {'Europe': 370, 'North America': 224, 'South America': 84}
添加后: {'Europe': 370, 'North America': 224, 'South America': 84}
[2026-05-05 08:07:50.788607] 开始添加学校...
[2026-05-05 08:07:50.822074] 添加了 0 所学校
添加前: {'Europe': 370, 'North America': 224, 'South America': 84}
添加后: {'Europe': 370, 'North America': 224, 'South America': 84}
[2026-05-05 09:08:16.423765] 开始添加学校...
[2026-05-05 09:08:16.442048] 添加了 0 所学校
添加前: {'Europe': 370, 'North America': 224, 'South America': 84}
添加后: {'Europe': 370, 'North America': 224, 'South America': 84}
[2026-05-05 15:00:00.569378] 开始添加学校...
[2026-05-05 15:00:00.609074] 添加了 0 所学校
添加前: {'Europe': 370, 'North America': 224, 'South America': 84}
添加后: {'Europe': 370, 'North America': 224, 'South America': 84}
[2026-05-05 17:00:00.799649] 开始添加学校...
[2026-05-05 17:00:00.818968] 添加了 0 所学校
添加前: {'Europe': 370, 'North America': 224, 'South America': 84}
添加后: {'Europe': 370, 'North America': 224, 'South America': 84}
[2026-05-05 22:00:00.468720] 开始添加学校...
[2026-05-05 22:00:00.502501] 添加了 0 所学校
添加前: {'Europe': 370, 'North America': 224, 'South America': 84}
添加后: {'Europe': 370, 'North America': 224, 'South America': 84}
[2026-05-06 08:02:29.169456] 开始添加学校...
[2026-05-06 08:02:29.207996] 添加了 0 所学校
添加前: {'Europe': 370, 'North America': 224, 'South America': 84}
添加后: {'Europe': 370, 'North America': 224, 'South America': 84}
[2026-05-06 09:03:32.027537] 开始添加学校...
[2026-05-06 09:03:32.044986] 添加了 0 所学校
添加前: {'Europe': 370, 'North America': 224, 'South America': 84}
添加后: {'Europe': 370, 'North America': 224, 'South America': 84}
[2026-05-06 10:04:36.123408] 开始添加学校...
[2026-05-06 10:04:36.146199] 添加了 0 所学校
添加前: {'Europe': 370, 'North America': 224, 'South America': 84}
添加后: {'Europe': 370, 'North America': 224, 'South America': 84}
[2026-05-06 13:07:14.487436] 开始添加学校...
[2026-05-06 13:07:14.510966] 添加了 0 所学校
添加前: {'Europe': 370, 'North America': 224, 'South America': 84}
添加后: {'Europe': 370, 'North America': 224, 'South America': 84}
[2026-05-06 14:00:21.731562] 开始添加学校...
[2026-05-06 14:00:21.749064] 添加了 0 所学校
添加前: {'Europe': 370, 'North America': 224, 'South America': 84}
添加后: {'Europe': 370, 'North America': 224, 'South America': 84}
[2026-05-06 19:00:00.663866] 开始添加学校...
[2026-05-06 19:00:00.699506] 添加了 0 所学校
添加前: {'Europe': 370, 'North America': 224, 'South America': 84}
添加后: {'Europe': 370, 'North America': 224, 'South America': 84}
[2026-05-06 20:00:01.127006] 开始添加学校...
[2026-05-06 20:00:01.147043] 添加了 0 所学校
添加前: {'Europe': 370, 'North America': 224, 'South America': 84}
添加后: {'Europe': 370, 'North America': 224, 'South America': 84}
[2026-05-06 21:00:00.440853] 开始添加学校...
[2026-05-06 21:00:00.462184] 添加了 0 所学校
添加前: {'Europe': 370, 'North America': 224, 'South America': 84}
添加后: {'Europe': 370, 'North America': 224, 'South America': 84}
[2026-05-06 22:00:00.939322] 开始添加学校...
[2026-05-06 22:00:00.958296] 添加了 0 所学校
添加前: {'Europe': 370, 'North America': 224, 'South America': 84}
添加后: {'Europe': 370, 'North America': 224, 'South America': 84}
[2026-05-06 23:00:01.061817] 开始添加学校...
[2026-05-06 23:00:01.093742] 添加了 0 所学校
添加前: {'Europe': 370, 'North America': 224, 'South America': 84}
添加后: {'Europe': 370, 'North America': 224, 'South America': 84}
[2026-05-07 00:00:00.808200] 开始添加学校...
[2026-05-07 00:00:00.844738] 添加了 0 所学校
添加前: {'Europe': 370, 'North America': 224, 'South America': 84}
添加后: {'Europe': 370, 'North America': 224, 'South America': 84}
[2026-05-07 01:00:00.804007] 开始添加学校...
[2026-05-07 01:00:00.823007] 添加了 0 所学校
添加前: {'Europe': 370, 'North America': 224, 'South America': 84}
添加后: {'Europe': 370, 'North America': 224, 'South America': 84}
[2026-05-07 02:00:00.741461] 开始添加学校...
[2026-05-07 02:00:00.760814] 添加了 0 所学校
添加前: {'Europe': 370, 'North America': 224, 'South America': 84}
添加后: {'Europe': 370, 'North America': 224, 'South America': 84}
[2026-05-07 03:00:00.298605] 开始添加学校...
[2026-05-07 03:00:00.335445] 添加了 0 所学校
添加前: {'Europe': 370, 'North America': 224, 'South America': 84}
添加后: {'Europe': 370, 'North America': 224, 'South America': 84}
[2026-05-07 04:00:00.167569] 开始添加学校...
[2026-05-07 04:00:00.203408] 添加了 0 所学校
添加前: {'Europe': 370, 'North America': 224, 'South America': 84}
添加后: {'Europe': 370, 'North America': 224, 'South America': 84}
[2026-05-07 05:00:00.544463] 开始添加学校...
[2026-05-07 05:00:00.563072] 添加了 0 所学校
添加前: {'Europe': 370, 'North America': 224, 'South America': 84}
添加后: {'Europe': 370, 'North America': 224, 'South America': 84}
[2026-05-07 06:00:00.997357] 开始添加学校...
[2026-05-07 06:00:01.017002] 添加了 0 所学校
添加前: {'Europe': 370, 'North America': 224, 'South America': 84}
添加后: {'Europe': 370, 'North America': 224, 'South America': 84}
[2026-05-07 07:00:00.845147] 开始添加学校...
[2026-05-07 07:00:00.883842] 添加了 0 所学校
添加前: {'Europe': 370, 'North America': 224, 'South America': 84}
添加后: {'Europe': 370, 'North America': 224, 'South America': 84}
[2026-05-07 08:00:00.432345] 开始添加学校...
[2026-05-07 08:00:00.469684] 添加了 0 所学校
添加前: {'Europe': 370, 'North America': 224, 'South America': 84}
添加后: {'Europe': 370, 'North America': 224, 'South America': 84}
[2026-05-07 09:00:00.249307] 开始添加学校...
[2026-05-07 09:00:00.278806] 添加了 0 所学校
添加前: {'Europe': 370, 'North America': 224, 'South America': 84}
添加后: {'Europe': 370, 'North America': 224, 'South America': 84}
[2026-05-07 10:00:00.920358] 开始添加学校...
[2026-05-07 10:00:00.938902] 添加了 0 所学校
添加前: {'Europe': 370, 'North America': 224, 'South America': 84}
添加后: {'Europe': 370, 'North America': 224, 'South America': 84}
[2026-05-07 11:00:01.010946] 开始添加学校...
[2026-05-07 11:00:01.046848] 添加了 0 所学校
添加前: {'Europe': 370, 'North America': 224, 'South America': 84}
添加后: {'Europe': 370, 'North America': 224, 'South America': 84}
[2026-05-07 12:00:00.564548] 开始添加学校...
[2026-05-07 12:00:00.598040] 添加了 0 所学校
添加前: {'Europe': 370, 'North America': 224, 'South America': 84}
添加后: {'Europe': 370, 'North America': 224, 'South America': 84}
[2026-05-07 13:00:00.402011] 开始添加学校...
[2026-05-07 13:00:00.432006] 添加了 0 所学校
添加前: {'Europe': 370, 'North America': 224, 'South America': 84}
添加后: {'Europe': 370, 'North America': 224, 'South America': 84}
[2026-05-07 14:00:00.655462] 开始添加学校...
[2026-05-07 14:00:00.673850] 添加了 0 所学校
添加前: {'Europe': 370, 'North America': 224, 'South America': 84}
添加后: {'Europe': 370, 'North America': 224, 'South America': 84}
[2026-05-07 15:00:00.882094] 开始添加学校...
[2026-05-07 15:00:00.901677] 添加了 0 所学校
添加前: {'Europe': 370, 'North America': 224, 'South America': 84}
添加后: {'Europe': 370, 'North America': 224, 'South America': 84}
[2026-05-07 16:00:00.985510] 开始添加学校...
[2026-05-07 16:00:01.022709] 添加了 0 所学校
添加前: {'Europe': 370, 'North America': 224, 'South America': 84}
添加后: {'Europe': 370, 'North America': 224, 'South America': 84}
[2026-05-07 17:00:00.899986] 开始添加学校...
[2026-05-07 17:00:00.936304] 添加了 0 所学校
添加前: {'Europe': 370, 'North America': 224, 'South America': 84}
添加后: {'Europe': 370, 'North America': 224, 'South America': 84}
[2026-05-07 18:00:00.784084] 开始添加学校...
[2026-05-07 18:00:00.802420] 添加了 0 所学校
添加前: {'Europe': 370, 'North America': 224, 'South America': 84}
添加后: {'Europe': 370, 'North America': 224, 'South America': 84}
[2026-05-07 19:00:01.082066] 开始添加学校...
[2026-05-07 19:00:01.103178] 添加了 0 所学校
添加前: {'Europe': 370, 'North America': 224, 'South America': 84}
添加后: {'Europe': 370, 'North America': 224, 'South America': 84}
[2026-05-07 20:00:00.956882] 开始添加学校...
[2026-05-07 20:00:00.994346] 添加了 0 所学校
添加前: {'Europe': 370, 'North America': 224, 'South America': 84}
添加后: {'Europe': 370, 'North America': 224, 'South America': 84}
[2026-05-07 21:00:00.980654] 开始添加学校...
[2026-05-07 21:00:01.019182] 添加了 0 所学校
添加前: {'Europe': 370, 'North America': 224, 'South America': 84}
添加后: {'Europe': 370, 'North America': 224, 'South America': 84}
[2026-05-07 22:00:00.791634] 开始添加学校...
[2026-05-07 22:00:00.810421] 添加了 0 所学校
添加前: {'Europe': 370, 'North America': 224, 'South America': 84}
添加后: {'Europe': 370, 'North America': 224, 'South America': 84}
[2026-05-07 23:00:01.060247] 开始添加学校...
[2026-05-07 23:00:01.078179] 添加了 0 所学校
添加前: {'Europe': 370, 'North America': 224, 'South America': 84}
添加后: {'Europe': 370, 'North America': 224, 'South America': 84}
[2026-05-08 00:00:00.574773] 开始添加学校...
[2026-05-08 00:00:00.609948] 添加了 0 所学校
添加前: {'Europe': 370, 'North America': 224, 'South America': 84}
添加后: {'Europe': 370, 'North America': 224, 'South America': 84}
[2026-05-08 01:00:00.361326] 开始添加学校...
[2026-05-08 01:00:00.399590] 添加了 0 所学校
添加前: {'Europe': 370, 'North America': 224, 'South America': 84}
添加后: {'Europe': 370, 'North America': 224, 'South America': 84}
[2026-05-08 02:00:00.197460] 开始添加学校...
[2026-05-08 02:00:00.233641] 添加了 0 所学校
添加前: {'Europe': 370, 'North America': 224, 'South America': 84}
添加后: {'Europe': 370, 'North America': 224, 'South America': 84}
[2026-05-08 03:00:01.198005] 开始添加学校...
[2026-05-08 03:00:01.232768] 添加了 0 所学校
添加前: {'Europe': 370, 'North America': 224, 'South America': 84}
添加后: {'Europe': 370, 'North America': 224, 'South America': 84}
[2026-05-08 04:00:00.900318] 开始添加学校...
[2026-05-08 04:00:00.927333] 添加了 0 所学校
添加前: {'Europe': 370, 'North America': 224, 'South America': 84}
添加后: {'Europe': 370, 'North America': 224, 'South America': 84}
[2026-05-08 05:00:00.978686] 开始添加学校...
[2026-05-08 05:00:01.013339] 添加了 0 所学校
添加前: {'Europe': 370, 'North America': 224, 'South America': 84}
添加后: {'Europe': 370, 'North America': 224, 'South America': 84}
[2026-05-08 06:00:00.291910] 开始添加学校...
[2026-05-08 06:00:00.316154] 添加了 0 所学校
添加前: {'Europe': 370, 'North America': 224, 'South America': 84}
添加后: {'Europe': 370, 'North America': 224, 'South America': 84}
[2026-05-08 07:00:00.287717] 开始添加学校...
[2026-05-08 07:00:00.323570] 添加了 0 所学校
添加前: {'Europe': 370, 'North America': 224, 'South America': 84}
添加后: {'Europe': 370, 'North America': 224, 'South America': 84}
[2026-05-08 08:00:00.619199] 开始添加学校...
[2026-05-08 08:00:00.656120] 添加了 0 所学校
添加前: {'Europe': 370, 'North America': 224, 'South America': 84}
添加后: {'Europe': 370, 'North America': 224, 'South America': 84}
[2026-05-08 09:00:00.822333] 开始添加学校...
[2026-05-08 09:00:00.857328] 添加了 0 所学校
添加前: {'Europe': 370, 'North America': 224, 'South America': 84}
添加后: {'Europe': 370, 'North America': 224, 'South America': 84}
[2026-05-08 10:00:00.686210] 开始添加学校...
[2026-05-08 10:00:00.703894] 添加了 0 所学校
添加前: {'Europe': 370, 'North America': 224, 'South America': 84}
添加后: {'Europe': 370, 'North America': 224, 'South America': 84}
[2026-05-08 11:00:00.958071] 开始添加学校...
[2026-05-08 11:00:00.980006] 添加了 0 所学校
添加前: {'Europe': 370, 'North America': 224, 'South America': 84}
添加后: {'Europe': 370, 'North America': 224, 'South America': 84}
[2026-05-08 12:00:00.869716] 开始添加学校...
[2026-05-08 12:00:00.891301] 添加了 0 所学校
添加前: {'Europe': 370, 'North America': 224, 'South America': 84}
添加后: {'Europe': 370, 'North America': 224, 'South America': 84}
[2026-05-08 13:00:01.102424] 开始添加学校...
[2026-05-08 13:00:01.138546] 添加了 0 所学校
添加前: {'Europe': 370, 'North America': 224, 'South America': 84}
添加后: {'Europe': 370, 'North America': 224, 'South America': 84}
[2026-05-08 14:00:00.571939] 开始添加学校...
[2026-05-08 14:00:00.607665] 添加了 0 所学校
添加前: {'Europe': 370, 'North America': 224, 'South America': 84}
添加后: {'Europe': 370, 'North America': 224, 'South America': 84}
[2026-05-08 15:00:01.117706] 开始添加学校...
[2026-05-08 15:00:01.154143] 添加了 0 所学校
添加前: {'Europe': 370, 'North America': 224, 'South America': 84}
添加后: {'Europe': 370, 'North America': 224, 'South America': 84}
[2026-05-08 16:00:00.447017] 开始添加学校...
[2026-05-08 16:00:00.484434] 添加了 0 所学校
添加前: {'Europe': 370, 'North America': 224, 'South America': 84}
添加后: {'Europe': 370, 'North America': 224, 'South America': 84}
[2026-05-08 17:00:00.228573] 开始添加学校...
[2026-05-08 17:00:00.263536] 添加了 0 所学校
添加前: {'Europe': 370, 'North America': 224, 'South America': 84}
添加后: {'Europe': 370, 'North America': 224, 'South America': 84}
[2026-05-08 18:00:01.161178] 开始添加学校...
[2026-05-08 18:00:01.194802] 添加了 0 所学校
添加前: {'Europe': 370, 'North America': 224, 'South America': 84}
添加后: {'Europe': 370, 'North America': 224, 'South America': 84}
[2026-05-08 19:00:00.649762] 开始添加学校...
[2026-05-08 19:00:00.685220] 添加了 0 所学校
添加前: {'Europe': 370, 'North America': 224, 'South America': 84}
添加后: {'Europe': 370, 'North America': 224, 'South America': 84}
[2026-05-08 20:00:01.059461] 开始添加学校...
[2026-05-08 20:00:01.095927] 添加了 0 所学校
添加前: {'Europe': 370, 'North America': 224, 'South America': 84}
添加后: {'Europe': 370, 'North America': 224, 'South America': 84}
[2026-05-08 21:00:00.817950] 开始添加学校...
[2026-05-08 21:00:00.851428] 添加了 0 所学校
添加前: {'Europe': 370, 'North America': 224, 'South America': 84}
添加后: {'Europe': 370, 'North America': 224, 'South America': 84}
[2026-05-10 23:00:00.705825] 开始添加学校...
[2026-05-10 23:00:00.740162] 添加了 0 所学校
添加前: {'Europe': 370, 'North America': 224, 'South America': 84}
添加后: {'Europe': 370, 'North America': 224, 'South America': 84}
[2026-05-11 07:00:00.849542] 开始添加学校...
[2026-05-11 07:00:00.878931] 添加了 0 所学校
添加前: {'Europe': 370, 'North America': 224, 'South America': 84}
添加后: {'Europe': 370, 'North America': 224, 'South America': 84}
[2026-05-11 09:00:00.577988] 开始添加学校...
[2026-05-11 09:00:00.596114] 添加了 0 所学校
添加前: {'Europe': 370, 'North America': 224, 'South America': 84}
添加后: {'Europe': 370, 'North America': 224, 'South America': 84}
[2026-05-11 22:00:00.745154] 开始添加学校...
[2026-05-11 22:00:00.782783] 添加了 0 所学校
添加前: {'Europe': 370, 'North America': 224, 'South America': 84}
添加后: {'Europe': 370, 'North America': 224, 'South America': 84}
[2026-05-11 23:00:01.114504] 开始添加学校...
[2026-05-11 23:00:01.136827] 添加了 0 所学校
添加前: {'Europe': 370, 'North America': 224, 'South America': 84}
添加后: {'Europe': 370, 'North America': 224, 'South America': 84}
[2026-05-12 00:00:00.358408] 开始添加学校...
[2026-05-12 00:00:00.391879] 添加了 0 所学校
添加前: {'Europe': 370, 'North America': 224, 'South America': 84}
添加后: {'Europe': 370, 'North America': 224, 'South America': 84}
[2026-05-12 01:00:00.466279] 开始添加学校...
[2026-05-12 01:00:00.487080] 添加了 0 所学校
添加前: {'Europe': 370, 'North America': 224, 'South America': 84}
添加后: {'Europe': 370, 'North America': 224, 'South America': 84}
[2026-05-12 02:00:01.126977] 开始添加学校...
[2026-05-12 02:00:01.140762] 添加了 0 所学校
添加前: {'Europe': 370, 'North America': 224, 'South America': 84}
添加后: {'Europe': 370, 'North America': 224, 'South America': 84}
[2026-05-12 03:00:00.232356] 开始添加学校...
[2026-05-12 03:00:00.253698] 添加了 0 所学校
添加前: {'Europe': 370, 'North America': 224, 'South America': 84}
添加后: {'Europe': 370, 'North America': 224, 'South America': 84}
[2026-05-12 04:00:00.898051] 开始添加学校...
[2026-05-12 04:00:00.911237] 添加了 0 所学校
添加前: {'Europe': 370, 'North America': 224, 'South America': 84}
添加后: {'Europe': 370, 'North America': 224, 'South America': 84}
[2026-05-12 05:00:00.439689] 开始添加学校...
[2026-05-12 05:00:00.458023] 添加了 0 所学校
添加前: {'Europe': 370, 'North America': 224, 'South America': 84}
添加后: {'Europe': 370, 'North America': 224, 'South America': 84}
[2026-05-12 06:00:00.609986] 开始添加学校...
[2026-05-12 06:00:00.629215] 添加了 0 所学校
添加前: {'Europe': 370, 'North America': 224, 'South America': 84}
添加后: {'Europe': 370, 'North America': 224, 'South America': 84}
[2026-05-12 07:00:01.171023] 开始添加学校...
[2026-05-12 07:00:01.204241] 添加了 0 所学校
添加前: {'Europe': 370, 'North America': 224, 'South America': 84}
添加后: {'Europe': 370, 'North America': 224, 'South America': 84}
[2026-05-12 08:00:00.347438] 开始添加学校...
[2026-05-12 08:00:00.382515] 添加了 0 所学校
添加前: {'Europe': 370, 'North America': 224, 'South America': 84}
添加后: {'Europe': 370, 'North America': 224, 'South America': 84}
[2026-05-12 09:00:00.825044] 开始添加学校...
[2026-05-12 09:00:00.842973] 添加了 0 所学校
添加前: {'Europe': 370, 'North America': 224, 'South America': 84}
添加后: {'Europe': 370, 'North America': 224, 'South America': 84}
[2026-05-12 10:00:00.443350] 开始添加学校...
[2026-05-12 10:00:00.462592] 添加了 0 所学校
添加前: {'Europe': 370, 'North America': 224, 'South America': 84}
添加后: {'Europe': 370, 'North America': 224, 'South America': 84}
[2026-05-12 11:00:00.762508] 开始添加学校...
[2026-05-12 11:00:00.796930] 添加了 0 所学校
添加前: {'Europe': 370, 'North America': 224, 'South America': 84}
添加后: {'Europe': 370, 'North America': 224, 'South America': 84}
[2026-05-12 12:00:00.724979] 开始添加学校...
[2026-05-12 12:00:00.758669] 添加了 0 所学校
添加前: {'Europe': 370, 'North America': 224, 'South America': 84}
添加后: {'Europe': 370, 'North America': 224, 'South America': 84}
[2026-05-12 13:00:00.680704] 开始添加学校...
[2026-05-12 13:00:00.700992] 添加了 0 所学校
添加前: {'Europe': 370, 'North America': 224, 'South America': 84}
添加后: {'Europe': 370, 'North America': 224, 'South America': 84}
[2026-05-12 14:00:01.017650] 开始添加学校...
[2026-05-12 14:00:01.034606] 添加了 0 所学校
添加前: {'Europe': 370, 'North America': 224, 'South America': 84}
添加后: {'Europe': 370, 'North America': 224, 'South America': 84}
[2026-05-12 15:00:00.340884] 开始添加学校...
[2026-05-12 15:00:00.374844] 添加了 0 所学校
添加前: {'Europe': 370, 'North America': 224, 'South America': 84}
添加后: {'Europe': 370, 'North America': 224, 'South America': 84}
[2026-05-12 16:00:00.827014] 开始添加学校...
[2026-05-12 16:00:00.857939] 添加了 0 所学校
添加前: {'Europe': 370, 'North America': 224, 'South America': 84}
添加后: {'Europe': 370, 'North America': 224, 'South America': 84}
[2026-05-12 17:00:00.851228] 开始添加学校...
[2026-05-12 17:00:00.872414] 添加了 0 所学校
添加前: {'Europe': 370, 'North America': 224, 'South America': 84}
添加后: {'Europe': 370, 'North America': 224, 'South America': 84}
[2026-05-12 18:00:00.562822] 开始添加学校...
[2026-05-12 18:00:00.581150] 添加了 0 所学校
添加前: {'Europe': 370, 'North America': 224, 'South America': 84}
添加后: {'Europe': 370, 'North America': 224, 'South America': 84}
[2026-05-12 19:00:00.545690] 开始添加学校...
[2026-05-12 19:00:00.559563] 添加了 0 所学校
添加前: {'Europe': 370, 'North America': 224, 'South America': 84}
添加后: {'Europe': 370, 'North America': 224, 'South America': 84}
[2026-05-12 20:00:01.116953] 开始添加学校...
[2026-05-12 20:00:01.150896] 添加了 0 所学校
添加前: {'Europe': 370, 'North America': 224, 'South America': 84}
添加后: {'Europe': 370, 'North America': 224, 'South America': 84}
[2026-05-12 21:00:00.245712] 开始添加学校...
[2026-05-12 21:00:00.265864] 添加了 0 所学校
添加前: {'Europe': 370, 'North America': 224, 'South America': 84}
添加后: {'Europe': 370, 'North America': 224, 'South America': 84}
[2026-05-12 22:00:00.840877] 开始添加学校...
[2026-05-12 22:00:00.858102] 添加了 0 所学校
添加前: {'Europe': 370, 'North America': 224, 'South America': 84}
添加后: {'Europe': 370, 'North America': 224, 'South America': 84}
[2026-05-12 23:03:27.217314] 开始添加学校...
[2026-05-12 23:03:27.238143] 添加了 0 所学校
添加前: {'Europe': 370, 'North America': 224, 'South America': 84}
添加后: {'Europe': 370, 'North America': 224, 'South America': 84}
[2026-05-13 00:00:01.128446] 开始添加学校...
[2026-05-13 00:00:01.147346] 添加了 0 所学校
添加前: {'Europe': 370, 'North America': 224, 'South America': 84}
添加后: {'Europe': 370, 'North America': 224, 'South America': 84}
[2026-05-13 01:00:00.827881] 开始添加学校...
[2026-05-13 01:00:00.846964] 添加了 0 所学校
添加前: {'Europe': 370, 'North America': 224, 'South America': 84}
添加后: {'Europe': 370, 'North America': 224, 'South America': 84}
[2026-05-13 02:05:16.992031] 开始添加学校...
[2026-05-13 02:05:17.009154] 添加了 0 所学校
添加前: {'Europe': 370, 'North America': 224, 'South America': 84}
添加后: {'Europe': 370, 'North America': 224, 'South America': 84}
[2026-05-13 03:06:03.618632] 开始添加学校...
[2026-05-13 03:06:03.635717] 添加了 0 所学校
添加前: {'Europe': 370, 'North America': 224, 'South America': 84}
添加后: {'Europe': 370, 'North America': 224, 'South America': 84}
[2026-05-13 04:00:00.327215] 开始添加学校...
[2026-05-13 04:00:00.345772] 添加了 0 所学校
添加前: {'Europe': 370, 'North America': 224, 'South America': 84}
添加后: {'Europe': 370, 'North America': 224, 'South America': 84}
[2026-05-13 05:08:06.444463] 开始添加学校...
[2026-05-13 05:08:06.476805] 添加了 0 所学校
添加前: {'Europe': 370, 'North America': 224, 'South America': 84}
添加后: {'Europe': 370, 'North America': 224, 'South America': 84}
[2026-05-13 07:01:09.125161] 开始添加学校...
[2026-05-13 07:01:09.157633] 添加了 0 所学校
添加前: {'Europe': 370, 'North America': 224, 'South America': 84}
添加后: {'Europe': 370, 'North America': 224, 'South America': 84}
[2026-05-13 08:00:00.693767] 开始添加学校...
[2026-05-13 08:00:00.727134] 添加了 0 所学校
添加前: {'Europe': 370, 'North America': 224, 'South America': 84}
添加后: {'Europe': 370, 'North America': 224, 'South America': 84}
[2026-05-13 12:01:43.562161] 开始添加学校...
[2026-05-13 12:01:43.598408] 添加了 0 所学校
添加前: {'Europe': 370, 'North America': 224, 'South America': 84}
添加后: {'Europe': 370, 'North America': 224, 'South America': 84}
[2026-05-13 13:00:01.073195] 开始添加学校...
[2026-05-13 13:00:01.095503] 添加了 0 所学校
添加前: {'Europe': 370, 'North America': 224, 'South America': 84}
添加后: {'Europe': 370, 'North America': 224, 'South America': 84}
[2026-05-13 20:03:06.057364] 开始添加学校...
[2026-05-13 20:03:06.099329] 添加了 0 所学校
添加前: {'Europe': 370, 'North America': 224, 'South America': 84}
添加后: {'Europe': 370, 'North America': 224, 'South America': 84}
[2026-05-13 21:00:00.700347] 开始添加学校...
[2026-05-13 21:00:00.737922] 添加了 0 所学校
添加前: {'Europe': 370, 'North America': 224, 'South America': 84}
添加后: {'Europe': 370, 'North America': 224, 'South America': 84}
[2026-05-13 22:00:00.846539] 开始添加学校...
[2026-05-13 22:00:00.878803] 添加了 0 所学校
添加前: {'Europe': 370, 'North America': 224, 'South America': 84}
添加后: {'Europe': 370, 'North America': 224, 'South America': 84}
[2026-05-13 23:00:00.080737] 开始添加学校...
[2026-05-13 23:00:00.093875] 添加了 0 所学校
添加前: {'Europe': 370, 'North America': 224, 'South America': 84}
添加后: {'Europe': 370, 'North America': 224, 'South America': 84}
[2026-05-14 00:00:00.447240] 开始添加学校...
[2026-05-14 00:00:00.470735] 添加了 0 所学校
添加前: {'Europe': 370, 'North America': 224, 'South America': 84}
添加后: {'Europe': 370, 'North America': 224, 'South America': 84}
[2026-05-14 01:00:00.528837] 开始添加学校...
[2026-05-14 01:00:00.540998] 添加了 0 所学校
添加前: {'Europe': 370, 'North America': 224, 'South America': 84}
添加后: {'Europe': 370, 'North America': 224, 'South America': 84}
[2026-05-14 02:00:00.804592] 开始添加学校...
[2026-05-14 02:00:00.816761] 添加了 0 所学校
添加前: {'Europe': 370, 'North America': 224, 'South America': 84}
添加后: {'Europe': 370, 'North America': 224, 'South America': 84}
[2026-05-14 03:00:00.210950] 开始添加学校...
[2026-05-14 03:00:00.223177] 添加了 0 所学校
添加前: {'Europe': 370, 'North America': 224, 'South America': 84}
添加后: {'Europe': 370, 'North America': 224, 'South America': 84}
[2026-05-14 04:00:00.241768] 开始添加学校...
[2026-05-14 04:00:00.253456] 添加了 0 所学校
添加前: {'Europe': 370, 'North America': 224, 'South America': 84}
添加后: {'Europe': 370, 'North America': 224, 'South America': 84}
[2026-05-14 05:00:00.377728] 开始添加学校...
[2026-05-14 05:00:00.389462] 添加了 0 所学校
添加前: {'Europe': 370, 'North America': 224, 'South America': 84}
添加后: {'Europe': 370, 'North America': 224, 'South America': 84}
[2026-05-14 06:00:00.894020] 开始添加学校...
[2026-05-14 06:00:00.914520] 添加了 0 所学校
添加前: {'Europe': 370, 'North America': 224, 'South America': 84}
添加后: {'Europe': 370, 'North America': 224, 'South America': 84}
[2026-05-14 07:00:00.223938] 开始添加学校...
[2026-05-14 07:00:00.235616] 添加了 0 所学校
添加前: {'Europe': 370, 'North America': 224, 'South America': 84}
添加后: {'Europe': 370, 'North America': 224, 'South America': 84}
[2026-05-14 08:00:00.553725] 开始添加学校...
[2026-05-14 08:00:00.575901] 添加了 0 所学校
添加前: {'Europe': 370, 'North America': 224, 'South America': 84}
添加后: {'Europe': 370, 'North America': 224, 'South America': 84}
[2026-05-14 09:00:00.890999] 开始添加学校...
[2026-05-14 09:00:00.912024] 添加了 0 所学校
添加前: {'Europe': 370, 'North America': 224, 'South America': 84}
添加后: {'Europe': 370, 'North America': 224, 'South America': 84}
[2026-05-14 10:00:00.765846] 开始添加学校...
[2026-05-14 10:00:00.787158] 添加了 0 所学校
添加前: {'Europe': 370, 'North America': 224, 'South America': 84}
添加后: {'Europe': 370, 'North America': 224, 'South America': 84}
[2026-05-14 11:00:00.658048] 开始添加学校...
[2026-05-14 11:00:00.678872] 添加了 0 所学校
添加前: {'Europe': 370, 'North America': 224, 'South America': 84}
添加后: {'Europe': 370, 'North America': 224, 'South America': 84}
[2026-05-14 12:00:00.909481] 开始添加学校...
[2026-05-14 12:00:00.932594] 添加了 0 所学校
添加前: {'Europe': 370, 'North America': 224, 'South America': 84}
添加后: {'Europe': 370, 'North America': 224, 'South America': 84}
[2026-05-14 13:00:00.315434] 开始添加学校...
[2026-05-14 13:00:00.336928] 添加了 0 所学校
添加前: {'Europe': 370, 'North America': 224, 'South America': 84}
添加后: {'Europe': 370, 'North America': 224, 'South America': 84}
[2026-05-14 14:00:00.443986] 开始添加学校...
[2026-05-14 14:00:00.465898] 添加了 0 所学校
添加前: {'Europe': 370, 'North America': 224, 'South America': 84}
添加后: {'Europe': 370, 'North America': 224, 'South America': 84}
[2026-05-14 15:00:00.296450] 开始添加学校...
[2026-05-14 15:00:00.317387] 添加了 0 所学校
添加前: {'Europe': 370, 'North America': 224, 'South America': 84}
添加后: {'Europe': 370, 'North America': 224, 'South America': 84}
[2026-05-14 16:00:00.361078] 开始添加学校...
[2026-05-14 16:00:00.382344] 添加了 0 所学校
添加前: {'Europe': 370, 'North America': 224, 'South America': 84}
添加后: {'Europe': 370, 'North America': 224, 'South America': 84}
[2026-05-14 17:00:00.643105] 开始添加学校...
[2026-05-14 17:00:00.656314] 添加了 0 所学校
添加前: {'Europe': 370, 'North America': 224, 'South America': 84}
添加后: {'Europe': 370, 'North America': 224, 'South America': 84}
[2026-05-14 18:00:00.637255] 开始添加学校...
[2026-05-14 18:00:00.658247] 添加了 0 所学校
添加前: {'Europe': 370, 'North America': 224, 'South America': 84}
添加后: {'Europe': 370, 'North America': 224, 'South America': 84}
[2026-05-14 19:00:00.782753] 开始添加学校...
[2026-05-14 19:00:00.804677] 添加了 0 所学校
添加前: {'Europe': 370, 'North America': 224, 'South America': 84}
添加后: {'Europe': 370, 'North America': 224, 'South America': 84}
[2026-05-14 20:00:00.456038] 开始添加学校...
[2026-05-14 20:00:00.479296] 添加了 0 所学校
添加前: {'Europe': 370, 'North America': 224, 'South America': 84}
添加后: {'Europe': 370, 'North America': 224, 'South America': 84}
[2026-05-14 21:00:00.915514] 开始添加学校...
[2026-05-14 21:00:00.930653] 添加了 0 所学校
添加前: {'Europe': 370, 'North America': 224, 'South America': 84}
添加后: {'Europe': 370, 'North America': 224, 'South America': 84}
[2026-05-14 22:00:00.223861] 开始添加学校...
[2026-05-14 22:00:00.246518] 添加了 0 所学校
添加前: {'Europe': 370, 'North America': 224, 'South America': 84}
添加后: {'Europe': 370, 'North America': 224, 'South America': 84}
[2026-05-18 20:00:00.816597] 开始添加学校...
[2026-05-18 20:00:00.854691] 添加了 0 所学校
添加前: {'Europe': 370, 'North America': 224, 'South America': 84}
添加后: {'Europe': 370, 'North America': 224, 'South America': 84}
[2026-05-18 21:00:00.875305] 开始添加学校...
[2026-05-18 21:00:00.920067] 添加了 0 所学校
添加前: {'Europe': 370, 'North America': 224, 'South America': 84}
添加后: {'Europe': 370, 'North America': 224, 'South America': 84}
[2026-05-18 22:00:00.615609] 开始添加学校...
[2026-05-18 22:00:00.653128] 添加了 0 所学校
添加前: {'Europe': 370, 'North America': 224, 'South America': 84}
添加后: {'Europe': 370, 'North America': 224, 'South America': 84}
[2026-05-18 23:00:01.185028] 开始添加学校...
[2026-05-18 23:00:01.225953] 添加了 0 所学校
添加前: {'Europe': 370, 'North America': 224, 'South America': 84}
添加后: {'Europe': 370, 'North America': 224, 'South America': 84}
[2026-05-19 00:00:00.682335] 开始添加学校...
[2026-05-19 00:00:00.719434] 添加了 0 所学校
添加前: {'Europe': 370, 'North America': 224, 'South America': 84}
添加后: {'Europe': 370, 'North America': 224, 'South America': 84}
[2026-05-19 01:00:01.079296] 开始添加学校...
[2026-05-19 01:00:01.114341] 添加了 0 所学校
添加前: {'Europe': 370, 'North America': 224, 'South America': 84}
添加后: {'Europe': 370, 'North America': 224, 'South America': 84}
[2026-05-19 02:00:00.646571] 开始添加学校...
[2026-05-19 02:00:00.659795] 添加了 0 所学校
添加前: {'Europe': 370, 'North America': 224, 'South America': 84}
添加后: {'Europe': 370, 'North America': 224, 'South America': 84}
[2026-05-19 03:00:00.952419] 开始添加学校...
[2026-05-19 03:00:00.966085] 添加了 0 所学校
添加前: {'Europe': 370, 'North America': 224, 'South America': 84}
添加后: {'Europe': 370, 'North America': 224, 'South America': 84}
[2026-05-19 04:00:00.221004] 开始添加学校...
[2026-05-19 04:00:00.234306] 添加了 0 所学校
添加前: {'Europe': 370, 'North America': 224, 'South America': 84}
添加后: {'Europe': 370, 'North America': 224, 'South America': 84}
[2026-05-19 05:00:00.396345] 开始添加学校...
[2026-05-19 05:00:00.410226] 添加了 0 所学校
添加前: {'Europe': 370, 'North America': 224, 'South America': 84}
添加后: {'Europe': 370, 'North America': 224, 'South America': 84}
[2026-05-19 06:00:00.727897] 开始添加学校...
[2026-05-19 06:00:00.750082] 添加了 0 所学校
添加前: {'Europe': 370, 'North America': 224, 'South America': 84}
添加后: {'Europe': 370, 'North America': 224, 'South America': 84}
[2026-05-19 07:00:00.924234] 开始添加学校...
[2026-05-19 07:00:00.937689] 添加了 0 所学校
添加前: {'Europe': 370, 'North America': 224, 'South America': 84}
添加后: {'Europe': 370, 'North America': 224, 'South America': 84}
[2026-05-19 08:00:00.424825] 开始添加学校...
[2026-05-19 08:00:00.459273] 添加了 0 所学校
添加前: {'Europe': 370, 'North America': 224, 'South America': 84}
添加后: {'Europe': 370, 'North America': 224, 'South America': 84}
[2026-05-21 20:02:16.235474] 开始添加学校...
[2026-05-21 20:02:16.274970] 添加了 0 所学校
添加前: {'Europe': 370, 'North America': 224, 'South America': 84}
添加后: {'Europe': 370, 'North America': 224, 'South America': 84}
[2026-05-21 21:00:00.362574] 开始添加学校...
[2026-05-21 21:00:00.397303] 添加了 0 所学校
添加前: {'Europe': 370, 'North America': 224, 'South America': 84}
添加后: {'Europe': 370, 'North America': 224, 'South America': 84}
[2026-05-21 22:00:00.609307] 开始添加学校...
[2026-05-21 22:00:00.626084] 添加了 0 所学校
添加前: {'Europe': 370, 'North America': 224, 'South America': 84}
添加后: {'Europe': 370, 'North America': 224, 'South America': 84}
[2026-05-21 23:00:01.107768] 开始添加学校...
[2026-05-21 23:00:01.139902] 添加了 0 所学校
添加前: {'Europe': 370, 'North America': 224, 'South America': 84}
添加后: {'Europe': 370, 'North America': 224, 'South America': 84}
[2026-05-23 10:00:00.681833] 开始添加学校...
[2026-05-23 10:00:00.718204] 添加了 0 所学校
添加前: {'Europe': 370, 'North America': 224, 'South America': 84}
添加后: {'Europe': 370, 'North America': 224, 'South America': 84}
[2026-05-23 11:00:00.783893] 开始添加学校...
[2026-05-23 11:00:00.819349] 添加了 0 所学校
添加前: {'Europe': 370, 'North America': 224, 'South America': 84}
添加后: {'Europe': 370, 'North America': 224, 'South America': 84}
[2026-05-23 14:01:10.630267] 开始添加学校...
[2026-05-23 14:01:10.665469] 添加了 0 所学校
添加前: {'Europe': 370, 'North America': 224, 'South America': 84}
添加后: {'Europe': 370, 'North America': 224, 'South America': 84}
[2026-05-23 15:00:00.529837] 开始添加学校...
[2026-05-23 15:00:00.564437] 添加了 0 所学校
添加前: {'Europe': 370, 'North America': 224, 'South America': 84}
添加后: {'Europe': 370, 'North America': 224, 'South America': 84}
[2026-05-23 16:00:00.312850] 开始添加学校...
[2026-05-23 16:00:00.348917] 添加了 0 所学校
添加前: {'Europe': 370, 'North America': 224, 'South America': 84}
添加后: {'Europe': 370, 'North America': 224, 'South America': 84}
[2026-05-25 22:00:00.921727] 开始添加学校...
[2026-05-25 22:00:01.120583] 添加了 0 所学校
添加前: {'Europe': 370, 'North America': 224, 'South America': 84}
添加后: {'Europe': 370, 'North America': 224, 'South America': 84}
[2026-05-25 23:00:00.508135] 开始添加学校...
[2026-05-25 23:00:00.543702] 添加了 0 所学校
添加前: {'Europe': 370, 'North America': 224, 'South America': 84}
添加后: {'Europe': 370, 'North America': 224, 'South America': 84}
[2026-05-27 20:00:00.277184] 开始添加学校...
[2026-05-27 20:00:00.315630] 添加了 0 所学校
添加前: {'Europe': 370, 'North America': 224, 'South America': 84}
添加后: {'Europe': 370, 'North America': 224, 'South America': 84}
[2026-05-27 21:00:45.210439] 开始添加学校...
[2026-05-27 21:00:45.245594] 添加了 0 所学校
添加前: {'Europe': 370, 'North America': 224, 'South America': 84}
添加后: {'Europe': 370, 'North America': 224, 'South America': 84}
[2026-05-28 04:00:00.797239] 开始添加学校...
[2026-05-28 04:00:00.876750] 添加了 0 所学校
添加前: {'Europe': 370, 'North America': 224, 'South America': 84}
添加后: {'Europe': 370, 'North America': 224, 'South America': 84}
[2026-05-28 07:00:00.464052] 开始添加学校...
[2026-05-28 07:00:00.529414] 添加了 0 所学校
添加前: {'Europe': 370, 'North America': 224, 'South America': 84}
添加后: {'Europe': 370, 'North America': 224, 'South America': 84}
[2026-05-28 08:00:21.713817] 开始添加学校...
[2026-05-28 08:00:21.759305] 添加了 0 所学校
添加前: {'Europe': 370, 'North America': 224, 'South America': 84}
添加后: {'Europe': 370, 'North America': 224, 'South America': 84}
[2026-05-28 09:00:00.426447] 开始添加学校...
[2026-05-28 09:00:00.459872] 添加了 0 所学校
添加前: {'Europe': 370, 'North America': 224, 'South America': 84}
添加后: {'Europe': 370, 'North America': 224, 'South America': 84}
[2026-05-28 10:00:00.983650] 开始添加学校...
[2026-05-28 10:00:01.017487] 添加了 0 所学校
添加前: {'Europe': 370, 'North America': 224, 'South America': 84}
添加后: {'Europe': 370, 'North America': 224, 'South America': 84}
[2026-05-28 11:00:00.821292] 开始添加学校...
[2026-05-28 11:00:00.855408] 添加了 0 所学校
添加前: {'Europe': 370, 'North America': 224, 'South America': 84}
添加后: {'Europe': 370, 'North America': 224, 'South America': 84}
[2026-05-28 12:00:00.197343] 开始添加学校...
[2026-05-28 12:00:00.233962] 添加了 0 所学校
添加前: {'Europe': 370, 'North America': 224, 'South America': 84}
添加后: {'Europe': 370, 'North America': 224, 'South America': 84}
[2026-05-28 14:00:00.218299] 开始添加学校...
[2026-05-28 14:00:00.252074] 添加了 0 所学校
添加前: {'Europe': 370, 'North America': 224, 'South America': 84}
添加后: {'Europe': 370, 'North America': 224, 'South America': 84}
[2026-05-28 15:00:00.665610] 开始添加学校...
[2026-05-28 15:00:00.699550] 添加了 0 所学校
添加前: {'Europe': 370, 'North America': 224, 'South America': 84}
添加后: {'Europe': 370, 'North America': 224, 'South America': 84}
[2026-05-28 16:00:00.991793] 开始添加学校...
[2026-05-28 16:00:01.024056] 添加了 0 所学校
添加前: {'Europe': 370, 'North America': 224, 'South America': 84}
添加后: {'Europe': 370, 'North America': 224, 'South America': 84}
[2026-05-28 17:00:00.869098] 开始添加学校...
[2026-05-28 17:00:00.902300] 添加了 0 所学校
添加前: {'Europe': 370, 'North America': 224, 'South America': 84}
添加后: {'Europe': 370, 'North America': 224, 'South America': 84}
[2026-05-28 18:00:00.996011] 开始添加学校...
[2026-05-28 18:00:01.028517] 添加了 0 所学校
添加前: {'Europe': 370, 'North America': 224, 'South America': 84}
添加后: {'Europe': 370, 'North America': 224, 'South America': 84}
[2026-05-28 19:00:00.723581] 开始添加学校...
[2026-05-28 19:00:00.755900] 添加了 0 所学校
添加前: {'Europe': 370, 'North America': 224, 'South America': 84}
添加后: {'Europe': 370, 'North America': 224, 'South America': 84}
[2026-05-28 20:00:00.687200] 开始添加学校...
[2026-05-28 20:00:00.720612] 添加了 0 所学校
添加前: {'Europe': 370, 'North America': 224, 'South America': 84}
添加后: {'Europe': 370, 'North America': 224, 'South America': 84}
[2026-05-28 21:00:00.337186] 开始添加学校...
[2026-05-28 21:00:00.370122] 添加了 0 所学校
添加前: {'Europe': 370, 'North America': 224, 'South America': 84}
添加后: {'Europe': 370, 'North America': 224, 'South America': 84}
[2026-05-29 01:00:08.568625] 开始添加学校...
[2026-05-29 01:00:08.602073] 添加了 0 所学校
添加前: {'Europe': 370, 'North America': 224, 'South America': 84}
添加后: {'Europe': 370, 'North America': 224, 'South America': 84}
[2026-05-29 02:00:00.597813] 开始添加学校...
[2026-05-29 02:00:00.619691] 添加了 0 所学校
添加前: {'Europe': 370, 'North America': 224, 'South America': 84}
添加后: {'Europe': 370, 'North America': 224, 'South America': 84}
[2026-05-29 03:00:22.252626] 开始添加学校...
[2026-05-29 03:00:22.284380] 添加了 0 所学校
添加前: {'Europe': 370, 'North America': 224, 'South America': 84}
添加后: {'Europe': 370, 'North America': 224, 'South America': 84}
[2026-05-29 04:00:08.696001] 开始添加学校...
[2026-05-29 04:00:08.716320] 添加了 0 所学校
添加前: {'Europe': 370, 'North America': 224, 'South America': 84}
添加后: {'Europe': 370, 'North America': 224, 'South America': 84}
[2026-05-29 05:00:08.557621] 开始添加学校...
[2026-05-29 05:00:08.592123] 添加了 0 所学校
添加前: {'Europe': 370, 'North America': 224, 'South America': 84}
添加后: {'Europe': 370, 'North America': 224, 'South America': 84}
[2026-05-29 06:00:09.796502] 开始添加学校...
[2026-05-29 06:00:09.827772] 添加了 0 所学校
添加前: {'Europe': 370, 'North America': 224, 'South America': 84}
添加后: {'Europe': 370, 'North America': 224, 'South America': 84}
[2026-05-29 07:00:09.838443] 开始添加学校...
[2026-05-29 07:00:09.871405] 添加了 0 所学校
添加前: {'Europe': 370, 'North America': 224, 'South America': 84}
添加后: {'Europe': 370, 'North America': 224, 'South America': 84}
[2026-05-29 08:00:01.986862] 开始添加学校...
[2026-05-29 08:00:02.008919] 添加了 0 所学校
添加前: {'Europe': 370, 'North America': 224, 'South America': 84}
添加后: {'Europe': 370, 'North America': 224, 'South America': 84}
[2026-05-29 09:00:12.444942] 开始添加学校...
[2026-05-29 09:00:12.469769] 添加了 0 所学校
添加前: {'Europe': 370, 'North America': 224, 'South America': 84}
添加后: {'Europe': 370, 'North America': 224, 'South America': 84}
[2026-05-29 10:00:10.012765] 开始添加学校...
[2026-05-29 10:00:10.044317] 添加了 0 所学校
添加前: {'Europe': 370, 'North America': 224, 'South America': 84}
添加后: {'Europe': 370, 'North America': 224, 'South America': 84}
[2026-05-29 11:00:01.208253] 开始添加学校...
[2026-05-29 11:00:01.241079] 添加了 0 所学校
添加前: {'Europe': 370, 'North America': 224, 'South America': 84}
添加后: {'Europe': 370, 'North America': 224, 'South America': 84}
[2026-05-29 12:00:00.646541] 开始添加学校...
[2026-05-29 12:00:00.679290] 添加了 0 所学校
添加前: {'Europe': 370, 'North America': 224, 'South America': 84}
添加后: {'Europe': 370, 'North America': 224, 'South America': 84}
[2026-05-29 20:00:01.271103] 开始添加学校...
[2026-05-29 20:00:01.335997] 添加了 0 所学校
添加前: {'Europe': 370, 'North America': 224, 'South America': 84}
添加后: {'Europe': 370, 'North America': 224, 'South America': 84}
[2026-05-29 22:00:35.236812] 开始添加学校...
[2026-05-29 22:00:35.271850] 添加了 0 所学校
添加前: {'Europe': 370, 'North America': 224, 'South America': 84}
添加后: {'Europe': 370, 'North America': 224, 'South America': 84}
[2026-05-30 03:00:00.451268] 开始添加学校...
[2026-05-30 03:00:00.484793] 添加了 0 所学校
添加前: {'Europe': 370, 'North America': 224, 'South America': 84}
添加后: {'Europe': 370, 'North America': 224, 'South America': 84}
[2026-05-30 05:00:00.309206] 开始添加学校...
[2026-05-30 05:00:00.350183] 添加了 0 所学校
添加前: {'Europe': 370, 'North America': 224, 'South America': 84}
添加后: {'Europe': 370, 'North America': 224, 'South America': 84}
[2026-05-30 06:00:46.108118] 开始添加学校...
[2026-05-30 06:00:46.121272] 添加了 0 所学校
添加前: {'Europe': 370, 'North America': 224, 'South America': 84}
添加后: {'Europe': 370, 'North America': 224, 'South America': 84}
[2026-05-30 08:01:58.568684] 开始添加学校...
[2026-05-30 08:01:58.603509] 添加了 0 所学校
添加前: {'Europe': 370, 'North America': 224, 'South America': 84}
添加后: {'Europe': 370, 'North America': 224, 'South America': 84}
[2026-05-30 11:05:09.371747] 开始添加学校...
[2026-05-30 11:05:09.406855] 添加了 0 所学校
添加前: {'Europe': 370, 'North America': 224, 'South America': 84}
添加后: {'Europe': 370, 'North America': 224, 'South America': 84}
[2026-05-30 13:00:01.023525] 开始添加学校...
[2026-05-30 13:00:01.068657] 添加了 0 所学校
添加前: {'Europe': 370, 'North America': 224, 'South America': 84}
添加后: {'Europe': 370, 'North America': 224, 'South America': 84}
[2026-05-30 17:00:00.548818] 开始添加学校...
[2026-05-30 17:00:00.581963] 添加了 0 所学校
添加前: {'Europe': 370, 'North America': 224, 'South America': 84}
添加后: {'Europe': 370, 'North America': 224, 'South America': 84}
[2026-05-30 18:00:00.620665] 开始添加学校...
[2026-05-30 18:00:00.666812] 添加了 0 所学校
添加前: {'Europe': 370, 'North America': 224, 'South America': 84}
添加后: {'Europe': 370, 'North America': 224, 'South America': 84}
[2026-05-30 20:00:00.534561] 开始添加学校...
[2026-05-30 20:00:00.567755] 添加了 0 所学校
添加前: {'Europe': 370, 'North America': 224, 'South America': 84}
添加后: {'Europe': 370, 'North America': 224, 'South America': 84}
[2026-05-30 21:00:17.641525] 开始添加学校...
[2026-05-30 21:00:17.674527] 添加了 0 所学校
添加前: {'Europe': 370, 'North America': 224, 'South America': 84}
添加后: {'Europe': 370, 'North America': 224, 'South America': 84}
[2026-05-30 22:00:00.979970] 开始添加学校...
[2026-05-30 22:00:01.018470] 添加了 0 所学校
添加前: {'Europe': 370, 'North America': 224, 'South America': 84}
添加后: {'Europe': 370, 'North America': 224, 'South America': 84}
[2026-05-31 00:00:00.985100] 开始添加学校...
[2026-05-31 00:00:01.047761] 添加了 0 所学校
添加前: {'Europe': 370, 'North America': 224, 'South America': 84}
添加后: {'Europe': 370, 'North America': 224, 'South America': 84}
[2026-05-31 01:00:00.477473] 开始添加学校...
[2026-05-31 01:00:00.511795] 添加了 0 所学校
添加前: {'Europe': 370, 'North America': 224, 'South America': 84}
添加后: {'Europe': 370, 'North America': 224, 'South America': 84}
[2026-05-31 04:00:00.777576] 开始添加学校...
[2026-05-31 04:00:00.811311] 添加了 0 所学校
添加前: {'Europe': 370, 'North America': 224, 'South America': 84}
添加后: {'Europe': 370, 'North America': 224, 'South America': 84}
[2026-05-31 06:08:47.309780] 开始添加学校...
[2026-05-31 06:08:47.345201] 添加了 0 所学校
添加前: {'Europe': 370, 'North America': 224, 'South America': 84}
添加后: {'Europe': 370, 'North America': 224, 'South America': 84}
[2026-05-31 07:00:00.664090] 开始添加学校...
[2026-05-31 07:00:00.698574] 添加了 0 所学校
添加前: {'Europe': 370, 'North America': 224, 'South America': 84}
添加后: {'Europe': 370, 'North America': 224, 'South America': 84}
[2026-05-31 13:00:01.215268] 开始添加学校...
[2026-05-31 13:00:01.278206] 添加了 0 所学校
添加前: {'Europe': 370, 'North America': 224, 'South America': 84}
添加后: {'Europe': 370, 'North America': 224, 'South America': 84}
[2026-05-31 14:00:00.684571] 开始添加学校...
[2026-05-31 14:00:00.722957] 添加了 0 所学校
添加前: {'Europe': 370, 'North America': 224, 'South America': 84}
添加后: {'Europe': 370, 'North America': 224, 'South America': 84}
[2026-05-31 16:00:00.969803] 开始添加学校...
[2026-05-31 16:00:01.035577] 添加了 0 所学校
添加前: {'Europe': 370, 'North America': 224, 'South America': 84}
添加后: {'Europe': 370, 'North America': 224, 'South America': 84}
[2026-05-31 17:00:00.671144] 开始添加学校...
[2026-05-31 17:00:00.717517] 添加了 0 所学校
添加前: {'Europe': 370, 'North America': 224, 'South America': 84}
添加后: {'Europe': 370, 'North America': 224, 'South America': 84}
[2026-05-31 21:00:19.767670] 开始添加学校...
[2026-05-31 21:00:19.801754] 添加了 0 所学校
添加前: {'Europe': 370, 'North America': 224, 'South America': 84}
添加后: {'Europe': 370, 'North America': 224, 'South America': 84}
[2026-05-31 22:00:07.723408] 开始添加学校...
[2026-05-31 22:00:07.763771] 添加了 0 所学校
添加前: {'Europe': 370, 'North America': 224, 'South America': 84}
添加后: {'Europe': 370, 'North America': 224, 'South America': 84}
[2026-05-31 23:03:51.139062] 开始添加学校...
[2026-05-31 23:03:51.175992] 添加了 0 所学校
添加前: {'Europe': 370, 'North America': 224, 'South America': 84}
添加后: {'Europe': 370, 'North America': 224, 'South America': 84}
[2026-06-01 00:00:00.480707] 开始添加学校...
[2026-06-01 00:00:00.557378] 添加了 0 所学校
添加前: {'Europe': 370, 'North America': 224, 'South America': 84}
添加后: {'Europe': 370, 'North America': 224, 'South America': 84}
[2026-06-01 05:00:01.110751] 开始添加学校...
[2026-06-01 05:00:01.146515] 添加了 0 所学校
添加前: {'Europe': 370, 'North America': 224, 'South America': 84}
添加后: {'Europe': 370, 'North America': 224, 'South America': 84}
[2026-06-01 07:00:01.065068] 开始添加学校...
[2026-06-01 07:00:01.097182] 添加了 0 所学校
添加前: {'Europe': 370, 'North America': 224, 'South America': 84}
添加后: {'Europe': 370, 'North America': 224, 'South America': 84}
[2026-06-01 08:00:00.213044] 开始添加学校...
[2026-06-01 08:00:00.250987] 添加了 0 所学校
添加前: {'Europe': 370, 'North America': 224, 'South America': 84}
添加后: {'Europe': 370, 'North America': 224, 'South America': 84}
[2026-06-01 09:00:00.638289] 开始添加学校...
[2026-06-01 09:00:00.675582] 添加了 0 所学校
添加前: {'Europe': 370, 'North America': 224, 'South America': 84}
添加后: {'Europe': 370, 'North America': 224, 'South America': 84}
[2026-06-01 10:00:00.252840] 开始添加学校...
[2026-06-01 10:00:00.275987] 添加了 0 所学校
添加前: {'Europe': 370, 'North America': 224, 'South America': 84}
添加后: {'Europe': 370, 'North America': 224, 'South America': 84}
[2026-06-01 16:00:00.428785] 开始添加学校...
[2026-06-01 16:00:00.490354] 添加了 0 所学校
添加前: {'Europe': 370, 'North America': 224, 'South America': 84}
添加后: {'Europe': 370, 'North America': 224, 'South America': 84}
[2026-06-01 20:00:46.702440] 开始添加学校...
[2026-06-01 20:00:46.759158] 添加了 0 所学校
添加前: {'Europe': 370, 'North America': 224, 'South America': 84}
添加后: {'Europe': 370, 'North America': 224, 'South America': 84}
[2026-06-01 22:00:39.336758] 开始添加学校...
[2026-06-01 22:00:39.372955] 添加了 0 所学校
添加前: {'Europe': 370, 'North America': 224, 'South America': 84}
添加后: {'Europe': 370, 'North America': 224, 'South America': 84}
[2026-06-02 06:00:00.764254] 开始添加学校...
[2026-06-02 06:00:00.798366] 添加了 0 所学校
添加前: {'Europe': 370, 'North America': 224, 'South America': 84}
添加后: {'Europe': 370, 'North America': 224, 'South America': 84}
[2026-06-02 19:00:10.309768] 开始添加学校...
[2026-06-02 19:00:10.341301] 添加了 0 所学校
添加前: {'Europe': 370, 'North America': 224, 'South America': 84}
添加后: {'Europe': 370, 'North America': 224, 'South America': 84}
[2026-06-02 21:00:00.557440] 开始添加学校...
[2026-06-02 21:00:00.593350] 添加了 0 所学校
添加前: {'Europe': 370, 'North America': 224, 'South America': 84}
添加后: {'Europe': 370, 'North America': 224, 'South America': 84}
[2026-06-02 22:00:00.615334] 开始添加学校...
[2026-06-02 22:00:00.636192] 添加了 0 所学校
添加前: {'Europe': 370, 'North America': 224, 'South America': 84}
添加后: {'Europe': 370, 'North America': 224, 'South America': 84}
[2026-06-03 07:00:22.174790] 开始添加学校...
[2026-06-03 07:00:22.210599] 添加了 0 所学校
添加前: {'Europe': 370, 'North America': 224, 'South America': 84}
添加后: {'Europe': 370, 'North America': 224, 'South America': 84}
[2026-06-03 08:00:01.107849] 开始添加学校...
[2026-06-03 08:00:01.160450] 添加了 0 所学校
添加前: {'Europe': 370, 'North America': 224, 'South America': 84}
添加后: {'Europe': 370, 'North America': 224, 'South America': 84}
[2026-06-03 22:00:04.818781] 开始添加学校...
[2026-06-03 22:00:04.859890] 添加了 0 所学校
添加前: {'Europe': 370, 'North America': 224, 'South America': 84}
添加后: {'Europe': 370, 'North America': 224, 'South America': 84}
[2026-06-04 01:01:29.687231] 开始添加学校...
[2026-06-04 01:01:29.720824] 添加了 0 所学校
添加前: {'Europe': 370, 'North America': 224, 'South America': 84}
添加后: {'Europe': 370, 'North America': 224, 'South America': 84}
[2026-06-04 08:00:01.037295] 开始添加学校...
[2026-06-04 08:00:01.072515] 添加了 0 所学校
添加前: {'Europe': 370, 'North America': 224, 'South America': 84}
添加后: {'Europe': 370, 'North America': 224, 'South America': 84}
[2026-06-04 21:00:01.186239] 开始添加学校...
[2026-06-04 21:00:01.210636] 添加了 0 所学校
添加前: {'Europe': 370, 'North America': 224, 'South America': 84}
添加后: {'Europe': 370, 'North America': 224, 'South America': 84}
[2026-06-04 23:07:41.712817] 开始添加学校...
[2026-06-04 23:07:41.860055] 添加了 0 所学校
添加前: {'Europe': 370, 'North America': 224, 'South America': 84}
添加后: {'Europe': 370, 'North America': 224, 'South America': 84}
[2026-06-05 07:00:36.626254] 开始添加学校...
[2026-06-05 07:00:36.661122] 添加了 0 所学校
添加前: {'Europe': 370, 'North America': 224, 'South America': 84}
添加后: {'Europe': 370, 'North America': 224, 'South America': 84}
[2026-06-05 11:02:26.165421] 开始添加学校...
[2026-06-05 11:02:26.201752] 添加了 0 所学校
添加前: {'Europe': 370, 'North America': 224, 'South America': 84}
添加后: {'Europe': 370, 'North America': 224, 'South America': 84}
[2026-06-05 13:00:00.195294] 开始添加学校...
[2026-06-05 13:00:00.208188] 添加了 0 所学校
添加前: {'Europe': 370, 'North America': 224, 'South America': 84}
添加后: {'Europe': 370, 'North America': 224, 'South America': 84}
[2026-06-05 14:00:29.896018] 开始添加学校...
[2026-06-05 14:00:29.918610] 添加了 0 所学校
添加前: {'Europe': 370, 'North America': 224, 'South America': 84}
添加后: {'Europe': 370, 'North America': 224, 'South America': 84}
[2026-06-05 22:00:05.666171] 开始添加学校...
[2026-06-05 22:00:05.704152] 添加了 0 所学校
添加前: {'Europe': 370, 'North America': 224, 'South America': 84}
添加后: {'Europe': 370, 'North America': 224, 'South America': 84}
[2026-06-06 07:00:18.832336] 开始添加学校...
[2026-06-06 07:00:18.885602] 添加了 0 所学校
添加前: {'Europe': 370, 'North America': 224, 'South America': 84}
添加后: {'Europe': 370, 'North America': 224, 'South America': 84}
[2026-06-06 10:01:41.358031] 开始添加学校...
[2026-06-06 10:01:41.391612] 添加了 0 所学校
添加前: {'Europe': 370, 'North America': 224, 'South America': 84}
添加后: {'Europe': 370, 'North America': 224, 'South America': 84}
[2026-06-06 11:06:16.896111] 开始添加学校...
[2026-06-06 11:06:16.930099] 添加了 0 所学校
添加前: {'Europe': 370, 'North America': 224, 'South America': 84}
添加后: {'Europe': 370, 'North America': 224, 'South America': 84}
[2026-06-07 17:00:01.116249] 开始添加学校...
[2026-06-07 17:00:01.150010] 添加了 0 所学校
添加前: {'Europe': 370, 'North America': 224, 'South America': 84}
添加后: {'Europe': 370, 'North America': 224, 'South America': 84}
[2026-06-08 01:00:00.841899] 开始添加学校...
[2026-06-08 01:00:00.883271] 添加了 0 所学校
添加前: {'Europe': 370, 'North America': 224, 'South America': 84}
添加后: {'Europe': 370, 'North America': 224, 'South America': 84}
[2026-06-08 05:00:06.887986] 开始添加学校...
[2026-06-08 05:00:06.921950] 添加了 0 所学校
添加前: {'Europe': 370, 'North America': 224, 'South America': 84}
添加后: {'Europe': 370, 'North America': 224, 'South America': 84}
[2026-06-08 07:00:21.592420] 开始添加学校...
[2026-06-08 07:00:21.630417] 添加了 0 所学校
添加前: {'Europe': 370, 'North America': 224, 'South America': 84}
添加后: {'Europe': 370, 'North America': 224, 'South America': 84}
[2026-06-08 08:00:28.973463] 开始添加学校...
[2026-06-08 08:00:29.008672] 添加了 0 所学校
添加前: {'Europe': 370, 'North America': 224, 'South America': 84}
添加后: {'Europe': 370, 'North America': 224, 'South America': 84}
[2026-06-08 09:00:00.741056] 开始添加学校...
[2026-06-08 09:00:00.773631] 添加了 0 所学校
添加前: {'Europe': 370, 'North America': 224, 'South America': 84}
添加后: {'Europe': 370, 'North America': 224, 'South America': 84}
[2026-06-08 10:00:00.400263] 开始添加学校...
[2026-06-08 10:00:00.421784] 添加了 0 所学校
添加前: {'Europe': 370, 'North America': 224, 'South America': 84}
添加后: {'Europe': 370, 'North America': 224, 'South America': 84}
[2026-06-08 13:01:47.632994] 开始添加学校...
[2026-06-08 13:01:47.666667] 添加了 0 所学校
添加前: {'Europe': 370, 'North America': 224, 'South America': 84}
添加后: {'Europe': 370, 'North America': 224, 'South America': 84}
[2026-06-08 22:00:29.757357] 开始添加学校...
[2026-06-08 22:00:29.795617] 添加了 0 所学校
添加前: {'Europe': 370, 'North America': 224, 'South America': 84}
添加后: {'Europe': 370, 'North America': 224, 'South America': 84}
[2026-06-09 00:00:00.752793] 开始添加学校...
[2026-06-09 00:00:00.788268] 添加了 0 所学校
添加前: {'Europe': 370, 'North America': 224, 'South America': 84}
添加后: {'Europe': 370, 'North America': 224, 'South America': 84}
[2026-06-09 01:00:00.759629] 开始添加学校...
[2026-06-09 01:00:00.794631] 添加了 0 所学校
添加前: {'Europe': 370, 'North America': 224, 'South America': 84}
添加后: {'Europe': 370, 'North America': 224, 'South America': 84}
[2026-06-09 02:00:00.306295] 开始添加学校...
[2026-06-09 02:00:00.340223] 添加了 0 所学校
添加前: {'Europe': 370, 'North America': 224, 'South America': 84}
添加后: {'Europe': 370, 'North America': 224, 'South America': 84}
[2026-06-09 09:03:31.431410] 开始添加学校...
[2026-06-09 09:03:31.467939] 添加了 0 所学校
添加前: {'Europe': 370, 'North America': 224, 'South America': 84}
添加后: {'Europe': 370, 'North America': 224, 'South America': 84}
[2026-06-09 10:00:27.817217] 开始添加学校...
[2026-06-09 10:00:27.836913] 添加了 0 所学校
添加前: {'Europe': 370, 'North America': 224, 'South America': 84}
添加后: {'Europe': 370, 'North America': 224, 'South America': 84}
[2026-06-09 14:00:00.332603] 开始添加学校...
[2026-06-09 14:00:00.367576] 添加了 0 所学校
添加前: {'Europe': 370, 'North America': 224, 'South America': 84}
添加后: {'Europe': 370, 'North America': 224, 'South America': 84}
[2026-06-09 15:00:29.565347] 开始添加学校...
[2026-06-09 15:00:29.587596] 添加了 0 所学校
添加前: {'Europe': 370, 'North America': 224, 'South America': 84}
添加后: {'Europe': 370, 'North America': 224, 'South America': 84}
[2026-06-09 17:01:58.358456] 开始添加学校...
[2026-06-09 17:01:58.392147] 添加了 0 所学校
添加前: {'Europe': 370, 'North America': 224, 'South America': 84}
添加后: {'Europe': 370, 'North America': 224, 'South America': 84}
[2026-06-09 22:00:00.593746] 开始添加学校...
[2026-06-09 22:00:00.625681] 添加了 0 所学校
添加前: {'Europe': 370, 'North America': 224, 'South America': 84}
添加后: {'Europe': 370, 'North America': 224, 'South America': 84}
[2026-06-10 00:00:01.003826] 开始添加学校...
[2026-06-10 00:00:01.038692] 添加了 0 所学校
添加前: {'Europe': 370, 'North America': 224, 'South America': 84}
添加后: {'Europe': 370, 'North America': 224, 'South America': 84}
[2026-06-10 02:00:00.383186] 开始添加学校...
[2026-06-10 02:00:00.416585] 添加了 0 所学校
添加前: {'Europe': 370, 'North America': 224, 'South America': 84}
添加后: {'Europe': 370, 'North America': 224, 'South America': 84}
[2026-06-10 08:02:46.384791] 开始添加学校...
[2026-06-10 08:02:46.417965] 添加了 0 所学校
添加前: {'Europe': 370, 'North America': 224, 'South America': 84}
添加后: {'Europe': 370, 'North America': 224, 'South America': 84}
[2026-06-10 10:00:00.974218] 开始添加学校...
[2026-06-10 10:00:01.044667] 添加了 0 所学校
添加前: {'Europe': 370, 'North America': 224, 'South America': 84}
添加后: {'Europe': 370, 'North America': 224, 'South America': 84}
[2026-06-10 12:00:01.014297] 开始添加学校...
[2026-06-10 12:00:01.046370] 添加了 0 所学校
添加前: {'Europe': 370, 'North America': 224, 'South America': 84}
添加后: {'Europe': 370, 'North America': 224, 'South America': 84}
[2026-06-10 15:00:00.792229] 开始添加学校...
[2026-06-10 15:00:00.826694] 添加了 0 所学校
添加前: {'Europe': 370, 'North America': 224, 'South America': 84}
添加后: {'Europe': 370, 'North America': 224, 'South America': 84}
[2026-06-10 18:00:00.515391] 开始添加学校...
[2026-06-10 18:00:00.546246] 添加了 0 所学校
添加前: {'Europe': 370, 'North America': 224, 'South America': 84}
添加后: {'Europe': 370, 'North America': 224, 'South America': 84}
[2026-06-10 22:00:54.945333] 开始添加学校...
[2026-06-10 22:00:54.976580] 添加了 0 所学校
添加前: {'Europe': 370, 'North America': 224, 'South America': 84}
添加后: {'Europe': 370, 'North America': 224, 'South America': 84}
[2026-06-10 23:00:00.318546] 开始添加学校...
[2026-06-10 23:00:00.350524] 添加了 0 所学校
添加前: {'Europe': 370, 'North America': 224, 'South America': 84}
添加后: {'Europe': 370, 'North America': 224, 'South America': 84}
[2026-06-11 05:00:00.861501] 开始添加学校...
[2026-06-11 05:00:00.922454] 添加了 0 所学校
添加前: {'Europe': 370, 'North America': 224, 'South America': 84}
添加后: {'Europe': 370, 'North America': 224, 'South America': 84}
[2026-06-11 07:00:12.187289] 开始添加学校...
[2026-06-11 07:00:12.219379] 添加了 0 所学校
添加前: {'Europe': 370, 'North America': 224, 'South America': 84}
添加后: {'Europe': 370, 'North America': 224, 'South America': 84}
[2026-06-11 08:00:01.150305] 开始添加学校...
[2026-06-11 08:00:01.183183] 添加了 0 所学校
添加前: {'Europe': 370, 'North America': 224, 'South America': 84}
添加后: {'Europe': 370, 'North America': 224, 'South America': 84}
[2026-06-11 10:04:03.740087] 开始添加学校...
[2026-06-11 10:04:03.776757] 添加了 0 所学校
添加前: {'Europe': 370, 'North America': 224, 'South America': 84}
添加后: {'Europe': 370, 'North America': 224, 'South America': 84}
[2026-06-11 11:05:25.082163] 开始添加学校...
[2026-06-11 11:05:25.113851] 添加了 0 所学校
添加前: {'Europe': 370, 'North America': 224, 'South America': 84}
添加后: {'Europe': 370, 'North America': 224, 'South America': 84}
[2026-06-11 12:06:49.525443] 开始添加学校...
[2026-06-11 12:06:49.555833] 添加了 0 所学校
添加前: {'Europe': 370, 'North America': 224, 'South America': 84}
添加后: {'Europe': 370, 'North America': 224, 'South America': 84}
[2026-06-11 16:00:00.098398] 开始添加学校...
[2026-06-11 16:00:00.129163] 添加了 0 所学校
添加前: {'Europe': 370, 'North America': 224, 'South America': 84}
添加后: {'Europe': 370, 'North America': 224, 'South America': 84}
[2026-06-11 22:00:31.245083] 开始添加学校...
[2026-06-11 22:00:31.276365] 添加了 0 所学校
添加前: {'Europe': 370, 'North America': 224, 'South America': 84}
添加后: {'Europe': 370, 'North America': 224, 'South America': 84}
[2026-06-11 23:00:01.006959] 开始添加学校...
[2026-06-11 23:00:01.037791] 添加了 0 所学校
添加前: {'Europe': 370, 'North America': 224, 'South America': 84}
添加后: {'Europe': 370, 'North America': 224, 'South America': 84}
[2026-06-12 00:00:35.290996] 开始添加学校...
[2026-06-12 00:00:35.322435] 添加了 0 所学校
添加前: {'Europe': 370, 'North America': 224, 'South America': 84}
添加后: {'Europe': 370, 'North America': 224, 'South America': 84}
[2026-06-12 06:01:33.924205] 开始添加学校...
[2026-06-12 06:01:33.955485] 添加了 0 所学校
添加前: {'Europe': 370, 'North America': 224, 'South America': 84}
添加后: {'Europe': 370, 'North America': 224, 'South America': 84}
[2026-06-12 07:00:54.421197] 开始添加学校...
[2026-06-12 07:00:54.451840] 添加了 0 所学校
添加前: {'Europe': 370, 'North America': 224, 'South America': 84}
添加后: {'Europe': 370, 'North America': 224, 'South America': 84}
[2026-06-12 08:00:00.278669] 开始添加学校...
[2026-06-12 08:00:00.310699] 添加了 0 所学校
添加前: {'Europe': 370, 'North America': 224, 'South America': 84}
添加后: {'Europe': 370, 'North America': 224, 'South America': 84}
[2026-06-12 10:03:08.875118] 开始添加学校...
[2026-06-12 10:03:08.906280] 添加了 0 所学校
添加前: {'Europe': 370, 'North America': 224, 'South America': 84}
添加后: {'Europe': 370, 'North America': 224, 'South America': 84}
[2026-06-12 12:05:17.795263] 开始添加学校...
[2026-06-12 12:05:17.826117] 添加了 0 所学校
添加前: {'Europe': 370, 'North America': 224, 'South America': 84}
添加后: {'Europe': 370, 'North America': 224, 'South America': 84}
[2026-06-12 14:00:18.377746] 开始添加学校...
[2026-06-12 14:00:18.407999] 添加了 0 所学校
添加前: {'Europe': 370, 'North America': 224, 'South America': 84}
添加后: {'Europe': 370, 'North America': 224, 'South America': 84}
[2026-06-12 15:00:00.617627] 开始添加学校...
[2026-06-12 15:00:00.648898] 添加了 0 所学校
添加前: {'Europe': 370, 'North America': 224, 'South America': 84}
添加后: {'Europe': 370, 'North America': 224, 'South America': 84}
[2026-06-13 06:01:13.025326] 开始添加学校...
[2026-06-13 06:01:13.060278] 添加了 0 所学校
添加前: {'Europe': 370, 'North America': 224, 'South America': 84}
添加后: {'Europe': 370, 'North America': 224, 'South America': 84}
[2026-06-13 07:00:13.730168] 开始添加学校...
[2026-06-13 07:00:13.762027] 添加了 0 所学校
添加前: {'Europe': 370, 'North America': 224, 'South America': 84}
添加后: {'Europe': 370, 'North America': 224, 'South America': 84}
[2026-06-13 09:00:00.480812] 开始添加学校...
[2026-06-13 09:00:00.512520] 添加了 0 所学校
添加前: {'Europe': 370, 'North America': 224, 'South America': 84}
添加后: {'Europe': 370, 'North America': 224, 'South America': 84}
[2026-06-13 11:04:10.411797] 开始添加学校...
[2026-06-13 11:04:10.444318] 添加了 0 所学校
添加前: {'Europe': 370, 'North America': 224, 'South America': 84}
添加后: {'Europe': 370, 'North America': 224, 'South America': 84}
[2026-06-13 13:06:15.591283] 开始添加学校...
[2026-06-13 13:06:15.622993] 添加了 0 所学校
添加前: {'Europe': 370, 'North America': 224, 'South America': 84}
添加后: {'Europe': 370, 'North America': 224, 'South America': 84}
[2026-06-13 16:00:00.450079] 开始添加学校...
[2026-06-13 16:00:00.481980] 添加了 0 所学校
添加前: {'Europe': 370, 'North America': 224, 'South America': 84}
添加后: {'Europe': 370, 'North America': 224, 'South America': 84}
[2026-06-14 03:00:01.157012] 开始添加学校...
[2026-06-14 03:00:01.193010] 添加了 0 所学校
添加前: {'Europe': 370, 'North America': 224, 'South America': 84}
添加后: {'Europe': 370, 'North America': 224, 'South America': 84}
[2026-06-14 08:02:47.856771] 开始添加学校...
[2026-06-14 08:02:47.889238] 添加了 0 所学校
添加前: {'Europe': 370, 'North America': 224, 'South America': 84}
添加后: {'Europe': 370, 'North America': 224, 'South America': 84}
[2026-06-14 11:05:33.467730] 开始添加学校...
[2026-06-14 11:05:33.500248] 添加了 0 所学校
添加前: {'Europe': 370, 'North America': 224, 'South America': 84}
添加后: {'Europe': 370, 'North America': 224, 'South America': 84}
[2026-06-14 12:06:04.024316] 开始添加学校...
[2026-06-14 12:06:04.062477] 添加了 0 所学校
添加前: {'Europe': 370, 'North America': 224, 'South America': 84}
添加后: {'Europe': 370, 'North America': 224, 'South America': 84}
[2026-06-14 14:00:00.667691] 开始添加学校...
[2026-06-14 14:00:00.699914] 添加了 0 所学校
添加前: {'Europe': 370, 'North America': 224, 'South America': 84}
添加后: {'Europe': 370, 'North America': 224, 'South America': 84}
[2026-06-14 16:00:00.918429] 开始添加学校...
[2026-06-14 16:00:00.949743] 添加了 0 所学校
添加前: {'Europe': 370, 'North America': 224, 'South America': 84}
添加后: {'Europe': 370, 'North America': 224, 'South America': 84}
[2026-06-15 07:00:55.554174] 开始添加学校...
[2026-06-15 07:00:55.584785] 添加了 0 所学校
添加前: {'Europe': 370, 'North America': 224, 'South America': 84}
添加后: {'Europe': 370, 'North America': 224, 'South America': 84}
[2026-06-15 08:02:13.175457] 开始添加学校...
[2026-06-15 08:02:13.208545] 添加了 0 所学校
添加前: {'Europe': 370, 'North America': 224, 'South America': 84}
添加后: {'Europe': 370, 'North America': 224, 'South America': 84}
[2026-06-15 09:03:53.530408] 开始添加学校...
[2026-06-15 09:03:53.561191] 添加了 0 所学校
添加前: {'Europe': 370, 'North America': 224, 'South America': 84}
添加后: {'Europe': 370, 'North America': 224, 'South America': 84}
[2026-06-15 10:01:16.286716] 开始添加学校...
[2026-06-15 10:01:16.318172] 添加了 0 所学校
添加前: {'Europe': 370, 'North America': 224, 'South America': 84}
添加后: {'Europe': 370, 'North America': 224, 'South America': 84}
[2026-06-15 11:01:32.003464] 开始添加学校...
[2026-06-15 11:01:32.034191] 添加了 0 所学校
添加前: {'Europe': 370, 'North America': 224, 'South America': 84}
添加后: {'Europe': 370, 'North America': 224, 'South America': 84}
[2026-06-15 12:00:01.098257] 开始添加学校...
[2026-06-15 12:00:01.130469] 添加了 0 所学校
添加前: {'Europe': 370, 'North America': 224, 'South America': 84}
添加后: {'Europe': 370, 'North America': 224, 'South America': 84}
[2026-06-15 15:08:21.242598] 开始添加学校...
[2026-06-15 15:08:21.273995] 添加了 0 所学校
添加前: {'Europe': 370, 'North America': 224, 'South America': 84}
添加后: {'Europe': 370, 'North America': 224, 'South America': 84}
[2026-06-15 16:00:00.957120] 开始添加学校...
[2026-06-15 16:00:00.988897] 添加了 0 所学校
添加前: {'Europe': 370, 'North America': 224, 'South America': 84}
添加后: {'Europe': 370, 'North America': 224, 'South America': 84}
[2026-06-15 17:00:00.983153] 开始添加学校...
[2026-06-15 17:00:01.014497] 添加了 0 所学校
添加前: {'Europe': 370, 'North America': 224, 'South America': 84}
添加后: {'Europe': 370, 'North America': 224, 'South America': 84}
[2026-06-16 06:01:40.916641] 开始添加学校...
[2026-06-16 06:01:40.949916] 添加了 0 所学校
添加前: {'Europe': 370, 'North America': 224, 'South America': 84}
添加后: {'Europe': 370, 'North America': 224, 'South America': 84}
[2026-06-16 10:04:27.246640] 开始添加学校...
[2026-06-16 10:04:27.279110] 添加了 0 所学校
添加前: {'Europe': 370, 'North America': 224, 'South America': 84}
添加后: {'Europe': 370, 'North America': 224, 'South America': 84}
[2026-06-16 11:05:20.137982] 开始添加学校...
[2026-06-16 11:05:20.169596] 添加了 0 所学校
添加前: {'Europe': 370, 'North America': 224, 'South America': 84}
添加后: {'Europe': 370, 'North America': 224, 'South America': 84}
[2026-06-16 14:08:47.449220] 开始添加学校...
[2026-06-16 14:08:47.481131] 添加了 0 所学校
添加前: {'Europe': 370, 'North America': 224, 'South America': 84}
添加后: {'Europe': 370, 'North America': 224, 'South America': 84}
[2026-06-16 22:00:23.087809] 开始添加学校...
[2026-06-16 22:00:23.119878] 添加了 0 所学校
添加前: {'Europe': 370, 'North America': 224, 'South America': 84}
添加后: {'Europe': 370, 'North America': 224, 'South America': 84}
[2026-06-16 23:00:01.027166] 开始添加学校...
[2026-06-16 23:00:01.059723] 添加了 0 所学校
添加前: {'Europe': 370, 'North America': 224, 'South America': 84}
添加后: {'Europe': 370, 'North America': 224, 'South America': 84}
[2026-06-17 03:06:09.024045] 开始添加学校...
[2026-06-17 03:06:09.057221] 添加了 0 所学校
添加前: {'Europe': 370, 'North America': 224, 'South America': 84}
添加后: {'Europe': 370, 'North America': 224, 'South America': 84}
[2026-06-17 08:00:00.639490] 开始添加学校...
[2026-06-17 08:00:00.672295] 添加了 0 所学校
添加前: {'Europe': 370, 'North America': 224, 'South America': 84}
添加后: {'Europe': 370, 'North America': 224, 'South America': 84}
[2026-06-17 09:03:00.540803] 开始添加学校...
[2026-06-17 09:03:00.607267] 添加了 0 所学校
添加前: {'Europe': 370, 'North America': 224, 'South America': 84}
添加后: {'Europe': 370, 'North America': 224, 'South America': 84}
[2026-06-17 10:04:49.414638] 开始添加学校...
[2026-06-17 10:04:49.446820] 添加了 0 所学校
添加前: {'Europe': 370, 'North America': 224, 'South America': 84}
添加后: {'Europe': 370, 'North America': 224, 'South America': 84}
[2026-06-17 11:05:58.144343] 开始添加学校...
[2026-06-17 11:05:58.175919] 添加了 0 所学校
添加前: {'Europe': 370, 'North America': 224, 'South America': 84}
添加后: {'Europe': 370, 'North America': 224, 'South America': 84}
[2026-06-17 12:00:00.211686] 开始添加学校...
[2026-06-17 12:00:00.244685] 添加了 0 所学校
添加前: {'Europe': 370, 'North America': 224, 'South America': 84}
添加后: {'Europe': 370, 'North America': 224, 'South America': 84}
[2026-06-17 13:00:00.963327] 开始添加学校...
[2026-06-17 13:00:00.977349] 添加了 0 所学校
添加前: {'Europe': 370, 'North America': 224, 'South America': 84}
添加后: {'Europe': 370, 'North America': 224, 'South America': 84}
[2026-06-17 14:00:00.735206] 开始添加学校...
[2026-06-17 14:00:00.748884] 添加了 0 所学校
添加前: {'Europe': 370, 'North America': 224, 'South America': 84}
添加后: {'Europe': 370, 'North America': 224, 'South America': 84}
[2026-06-17 15:00:00.348271] 开始添加学校...
[2026-06-17 15:00:00.381479] 添加了 0 所学校
添加前: {'Europe': 370, 'North America': 224, 'South America': 84}
添加后: {'Europe': 370, 'North America': 224, 'South America': 84}
[2026-06-17 16:00:00.142161] 开始添加学校...
[2026-06-17 16:00:00.175006] 添加了 0 所学校
添加前: {'Europe': 370, 'North America': 224, 'South America': 84}
添加后: {'Europe': 370, 'North America': 224, 'South America': 84}
[2026-06-17 17:00:00.978821] 开始添加学校...
[2026-06-17 17:00:01.016240] 添加了 0 所学校
添加前: {'Europe': 370, 'North America': 224, 'South America': 84}
添加后: {'Europe': 370, 'North America': 224, 'South America': 84}
[2026-06-17 18:00:00.361466] 开始添加学校...
[2026-06-17 18:00:00.397047] 添加了 0 所学校
添加前: {'Europe': 370, 'North America': 224, 'South America': 84}
添加后: {'Europe': 370, 'North America': 224, 'South America': 84}
[2026-06-17 19:00:00.256432] 开始添加学校...
[2026-06-17 19:00:00.291137] 添加了 0 所学校
添加前: {'Europe': 370, 'North America': 224, 'South America': 84}
添加后: {'Europe': 370, 'North America': 224, 'South America': 84}
[2026-06-17 20:00:00.217424] 开始添加学校...
[2026-06-17 20:00:00.251327] 添加了 0 所学校
添加前: {'Europe': 370, 'North America': 224, 'South America': 84}
添加后: {'Europe': 370, 'North America': 224, 'South America': 84}
[2026-06-17 21:00:00.156984] 开始添加学校...
[2026-06-17 21:00:00.188051] 添加了 0 所学校
添加前: {'Europe': 370, 'North America': 224, 'South America': 84}
添加后: {'Europe': 370, 'North America': 224, 'South America': 84}
[2026-06-17 22:00:00.375883] 开始添加学校...
[2026-06-17 22:00:00.406861] 添加了 0 所学校
添加前: {'Europe': 370, 'North America': 224, 'South America': 84}
添加后: {'Europe': 370, 'North America': 224, 'South America': 84}
[2026-06-17 23:00:00.574722] 开始添加学校...
[2026-06-17 23:00:00.611323] 添加了 0 所学校
添加前: {'Europe': 370, 'North America': 224, 'South America': 84}
添加后: {'Europe': 370, 'North America': 224, 'South America': 84}
[2026-06-18 00:00:00.387855] 开始添加学校...
[2026-06-18 00:00:00.450400] 添加了 0 所学校
添加前: {'Europe': 370, 'North America': 224, 'South America': 84}
添加后: {'Europe': 370, 'North America': 224, 'South America': 84}
[2026-06-18 01:00:00.652903] 开始添加学校...
[2026-06-18 01:00:00.683916] 添加了 0 所学校
添加前: {'Europe': 370, 'North America': 224, 'South America': 84}
添加后: {'Europe': 370, 'North America': 224, 'South America': 84}
[2026-06-18 02:01:38.371164] 开始添加学校...
[2026-06-18 02:01:38.403093] 添加了 0 所学校
添加前: {'Europe': 370, 'North America': 224, 'South America': 84}
添加后: {'Europe': 370, 'North America': 224, 'South America': 84}
[2026-06-18 08:02:20.076028] 开始添加学校...
[2026-06-18 08:02:20.112853] 添加了 0 所学校
添加前: {'Europe': 370, 'North America': 224, 'South America': 84}
添加后: {'Europe': 370, 'North America': 224, 'South America': 84}
[2026-06-18 21:00:01.055304] 开始添加学校...
[2026-06-18 21:00:01.086176] 添加了 0 所学校
添加前: {'Europe': 370, 'North America': 224, 'South America': 84}
添加后: {'Europe': 370, 'North America': 224, 'South America': 84}
[2026-06-19 09:03:52.803757] 开始添加学校...
[2026-06-19 09:03:52.835823] 添加了 0 所学校
添加前: {'Europe': 370, 'North America': 224, 'South America': 84}
添加后: {'Europe': 370, 'North America': 224, 'South America': 84}
[2026-06-19 11:05:02.537133] 开始添加学校...
[2026-06-19 11:05:02.573738] 添加了 0 所学校
添加前: {'Europe': 370, 'North America': 224, 'South America': 84}
添加后: {'Europe': 370, 'North America': 224, 'South America': 84}
[2026-06-19 12:06:07.627894] 开始添加学校...
[2026-06-19 12:06:07.659912] 添加了 0 所学校
添加前: {'Europe': 370, 'North America': 224, 'South America': 84}
添加后: {'Europe': 370, 'North America': 224, 'South America': 84}
[2026-06-19 14:08:40.987998] 开始添加学校...
[2026-06-19 14:08:41.020273] 添加了 0 所学校
添加前: {'Europe': 370, 'North America': 224, 'South America': 84}
添加后: {'Europe': 370, 'North America': 224, 'South America': 84}
[2026-06-19 17:00:00.707850] 开始添加学校...
[2026-06-19 17:00:00.738150] 添加了 0 所学校
添加前: {'Europe': 370, 'North America': 224, 'South America': 84}
添加后: {'Europe': 370, 'North America': 224, 'South America': 84}
[2026-06-19 18:00:01.085847] 开始添加学校...
[2026-06-19 18:00:01.117653] 添加了 0 所学校
添加前: {'Europe': 370, 'North America': 224, 'South America': 84}
添加后: {'Europe': 370, 'North America': 224, 'South America': 84}
[2026-06-19 19:00:01.073274] 开始添加学校...
[2026-06-19 19:00:01.104313] 添加了 0 所学校
添加前: {'Europe': 370, 'North America': 224, 'South America': 84}
添加后: {'Europe': 370, 'North America': 224, 'South America': 84}
[2026-06-20 05:00:00.663596] 开始添加学校...
[2026-06-20 05:00:00.696406] 添加了 0 所学校
添加前: {'Europe': 370, 'North America': 224, 'South America': 84}
添加后: {'Europe': 370, 'North America': 224, 'South America': 84}
[2026-06-20 06:01:45.295970] 开始添加学校...
[2026-06-20 06:01:45.328101] 添加了 0 所学校
添加前: {'Europe': 370, 'North America': 224, 'South America': 84}
添加后: {'Europe': 370, 'North America': 224, 'South America': 84}
[2026-06-20 09:02:08.887496] 开始添加学校...
[2026-06-20 09:02:08.919461] 添加了 0 所学校
添加前: {'Europe': 370, 'North America': 224, 'South America': 84}
添加后: {'Europe': 370, 'North America': 224, 'South America': 84}
[2026-06-20 18:00:00.379928] 开始添加学校...
[2026-06-20 18:00:00.412812] 添加了 0 所学校
添加前: {'Europe': 370, 'North America': 224, 'South America': 84}
添加后: {'Europe': 370, 'North America': 224, 'South America': 84}
[2026-06-21 00:00:00.593514] 开始添加学校...
[2026-06-21 00:00:00.629192] 添加了 0 所学校
添加前: {'Europe': 370, 'North America': 224, 'South America': 84}
添加后: {'Europe': 370, 'North America': 224, 'South America': 84}
[2026-06-21 07:00:14.967750] 开始添加学校...
[2026-06-21 07:00:15.000401] 添加了 0 所学校
添加前: {'Europe': 370, 'North America': 224, 'South America': 84}
添加后: {'Europe': 370, 'North America': 224, 'South America': 84}
[2026-06-21 08:02:54.657774] 开始添加学校...
[2026-06-21 08:02:54.690251] 添加了 0 所学校
添加前: {'Europe': 370, 'North America': 224, 'South America': 84}
添加后: {'Europe': 370, 'North America': 224, 'South America': 84}
[2026-06-21 12:05:09.553426] 开始添加学校...
[2026-06-21 12:05:09.585098] 添加了 0 所学校
添加前: {'Europe': 370, 'North America': 224, 'South America': 84}
添加后: {'Europe': 370, 'North America': 224, 'South America': 84}
[2026-06-21 13:06:50.508482] 开始添加学校...
[2026-06-21 13:06:50.541415] 添加了 0 所学校
添加前: {'Europe': 370, 'North America': 224, 'South America': 84}
添加后: {'Europe': 370, 'North America': 224, 'South America': 84}
[2026-06-21 14:07:10.328331] 开始添加学校...
[2026-06-21 14:07:10.359779] 添加了 0 所学校
添加前: {'Europe': 370, 'North America': 224, 'South America': 84}
添加后: {'Europe': 370, 'North America': 224, 'South America': 84}
[2026-06-21 15:08:41.207811] 开始添加学校...
[2026-06-21 15:08:41.239656] 添加了 0 所学校
添加前: {'Europe': 370, 'North America': 224, 'South America': 84}
添加后: {'Europe': 370, 'North America': 224, 'South America': 84}
[2026-06-21 16:00:00.523483] 开始添加学校...
[2026-06-21 16:00:00.556081] 添加了 0 所学校
添加前: {'Europe': 370, 'North America': 224, 'South America': 84}
添加后: {'Europe': 370, 'North America': 224, 'South America': 84}
[2026-06-21 22:00:02.993528] 开始添加学校...
[2026-06-21 22:00:03.026304] 添加了 0 所学校
添加前: {'Europe': 370, 'North America': 224, 'South America': 84}
添加后: {'Europe': 370, 'North America': 224, 'South America': 84}
[2026-06-22 06:01:54.850374] 开始添加学校...
[2026-06-22 06:01:54.883164] 添加了 0 所学校
添加前: {'Europe': 370, 'North America': 224, 'South America': 84}
添加后: {'Europe': 370, 'North America': 224, 'South America': 84}
[2026-06-22 07:00:55.955664] 开始添加学校...
[2026-06-22 07:00:55.987429] 添加了 0 所学校
添加前: {'Europe': 370, 'North America': 224, 'South America': 84}
添加后: {'Europe': 370, 'North America': 224, 'South America': 84}
[2026-06-22 08:02:13.132981] 开始添加学校...
[2026-06-22 08:02:13.166268] 添加了 0 所学校
添加前: {'Europe': 370, 'North America': 224, 'South America': 84}
添加后: {'Europe': 370, 'North America': 224, 'South America': 84}
[2026-06-22 11:04:51.890164] 开始添加学校...
[2026-06-22 11:04:51.922753] 添加了 0 所学校
添加前: {'Europe': 370, 'North America': 224, 'South America': 84}
添加后: {'Europe': 370, 'North America': 224, 'South America': 84}
[2026-06-22 15:07:08.693131] 开始添加学校...
[2026-06-22 15:07:08.724947] 添加了 0 所学校
添加前: {'Europe': 370, 'North America': 224, 'South America': 84}
添加后: {'Europe': 370, 'North America': 224, 'South America': 84}
[2026-06-22 16:04:18.114168] 开始添加学校...
[2026-06-22 16:04:18.157422] 添加了 0 所学校
添加前: {'Europe': 370, 'North America': 224, 'South America': 84}
添加后: {'Europe': 370, 'North America': 224, 'South America': 84}
[2026-06-22 17:00:00.207275] 开始添加学校...
[2026-06-22 17:00:00.239430] 添加了 0 所学校
添加前: {'Europe': 370, 'North America': 224, 'South America': 84}
添加后: {'Europe': 370, 'North America': 224, 'South America': 84}
[2026-06-22 18:00:00.912289] 开始添加学校...
[2026-06-22 18:00:00.946494] 添加了 0 所学校
添加前: {'Europe': 370, 'North America': 224, 'South America': 84}
添加后: {'Europe': 370, 'North America': 224, 'South America': 84}
[2026-06-22 19:00:01.023635] 开始添加学校...
[2026-06-22 19:00:01.054650] 添加了 0 所学校
添加前: {'Europe': 370, 'North America': 224, 'South America': 84}
添加后: {'Europe': 370, 'North America': 224, 'South America': 84}
[2026-06-22 20:00:00.406916] 开始添加学校...
[2026-06-22 20:00:00.439008] 添加了 0 所学校
添加前: {'Europe': 370, 'North America': 224, 'South America': 84}
添加后: {'Europe': 370, 'North America': 224, 'South America': 84}
[2026-06-22 21:00:00.258663] 开始添加学校...
[2026-06-22 21:00:00.293000] 添加了 0 所学校
添加前: {'Europe': 370, 'North America': 224, 'South America': 84}
添加后: {'Europe': 370, 'North America': 224, 'South America': 84}
[2026-06-22 22:00:00.639603] 开始添加学校...
[2026-06-22 22:00:00.673314] 添加了 0 所学校
添加前: {'Europe': 370, 'North America': 224, 'South America': 84}
添加后: {'Europe': 370, 'North America': 224, 'South America': 84}
[2026-06-22 23:00:00.439008] 开始添加学校...
[2026-06-22 23:00:00.473224] 添加了 0 所学校
添加前: {'Europe': 370, 'North America': 224, 'South America': 84}
添加后: {'Europe': 370, 'North America': 224, 'South America': 84}
[2026-06-23 00:00:00.486360] 开始添加学校...
[2026-06-23 00:00:00.519327] 添加了 0 所学校
添加前: {'Europe': 370, 'North America': 224, 'South America': 84}
添加后: {'Europe': 370, 'North America': 224, 'South America': 84}
[2026-06-23 01:00:00.630981] 开始添加学校...
[2026-06-23 01:00:00.665182] 添加了 0 所学校
添加前: {'Europe': 370, 'North America': 224, 'South America': 84}
添加后: {'Europe': 370, 'North America': 224, 'South America': 84}
[2026-06-23 02:00:00.494621] 开始添加学校...
[2026-06-23 02:00:00.527858] 添加了 0 所学校
添加前: {'Europe': 370, 'North America': 224, 'South America': 84}
添加后: {'Europe': 370, 'North America': 224, 'South America': 84}
[2026-06-23 03:00:00.617757] 开始添加学校...
[2026-06-23 03:00:00.654197] 添加了 0 所学校
添加前: {'Europe': 370, 'North America': 224, 'South America': 84}
添加后: {'Europe': 370, 'North America': 224, 'South America': 84}
[2026-06-23 04:00:00.343524] 开始添加学校...
[2026-06-23 04:00:00.375546] 添加了 0 所学校
添加前: {'Europe': 370, 'North America': 224, 'South America': 84}
添加后: {'Europe': 370, 'North America': 224, 'South America': 84}
[2026-06-23 05:00:00.746010] 开始添加学校...
[2026-06-23 05:00:00.778565] 添加了 0 所学校
添加前: {'Europe': 370, 'North America': 224, 'South America': 84}
添加后: {'Europe': 370, 'North America': 224, 'South America': 84}
[2026-06-23 06:00:00.634018] 开始添加学校...
[2026-06-23 06:00:00.649026] 添加了 0 所学校
添加前: {'Europe': 370, 'North America': 224, 'South America': 84}
添加后: {'Europe': 370, 'North America': 224, 'South America': 84}
[2026-06-23 07:00:01.031792] 开始添加学校...
[2026-06-23 07:00:01.045935] 添加了 0 所学校
添加前: {'Europe': 370, 'North America': 224, 'South America': 84}
添加后: {'Europe': 370, 'North America': 224, 'South America': 84}
[2026-06-23 08:00:00.260327] 开始添加学校...
[2026-06-23 08:00:00.273532] 添加了 0 所学校
添加前: {'Europe': 370, 'North America': 224, 'South America': 84}
添加后: {'Europe': 370, 'North America': 224, 'South America': 84}
[2026-06-23 09:00:01.093793] 开始添加学校...
[2026-06-23 09:00:01.107553] 添加了 0 所学校
添加前: {'Europe': 370, 'North America': 224, 'South America': 84}
添加后: {'Europe': 370, 'North America': 224, 'South America': 84}
[2026-06-23 10:00:00.874272] 开始添加学校...
[2026-06-23 10:00:00.907117] 添加了 0 所学校
添加前: {'Europe': 370, 'North America': 224, 'South America': 84}
添加后: {'Europe': 370, 'North America': 224, 'South America': 84}
[2026-06-23 11:00:00.595272] 开始添加学校...
[2026-06-23 11:00:00.629043] 添加了 0 所学校
添加前: {'Europe': 370, 'North America': 224, 'South America': 84}
添加后: {'Europe': 370, 'North America': 224, 'South America': 84}
[2026-06-23 12:00:00.930030] 开始添加学校...
[2026-06-23 12:00:00.944231] 添加了 0 所学校
添加前: {'Europe': 370, 'North America': 224, 'South America': 84}
添加后: {'Europe': 370, 'North America': 224, 'South America': 84}
[2026-06-23 13:00:00.391232] 开始添加学校...
[2026-06-23 13:00:00.422515] 添加了 0 所学校
添加前: {'Europe': 370, 'North America': 224, 'South America': 84}
添加后: {'Europe': 370, 'North America': 224, 'South America': 84}
[2026-06-23 14:00:00.498331] 开始添加学校...
[2026-06-23 14:00:00.530639] 添加了 0 所学校
添加前: {'Europe': 370, 'North America': 224, 'South America': 84}
添加后: {'Europe': 370, 'North America': 224, 'South America': 84}
[2026-06-23 15:00:00.331937] 开始添加学校...
[2026-06-23 15:00:00.365618] 添加了 0 所学校
添加前: {'Europe': 370, 'North America': 224, 'South America': 84}
添加后: {'Europe': 370, 'North America': 224, 'South America': 84}
[2026-06-23 16:00:01.136954] 开始添加学校...
[2026-06-23 16:00:01.152537] 添加了 0 所学校
添加前: {'Europe': 370, 'North America': 224, 'South America': 84}
添加后: {'Europe': 370, 'North America': 224, 'South America': 84}
[2026-06-23 17:00:00.408115] 开始添加学校...
[2026-06-23 17:00:00.442580] 添加了 0 所学校
添加前: {'Europe': 370, 'North America': 224, 'South America': 84}
添加后: {'Europe': 370, 'North America': 224, 'South America': 84}
[2026-06-23 18:00:00.881567] 开始添加学校...
[2026-06-23 18:00:00.896691] 添加了 0 所学校
添加前: {'Europe': 370, 'North America': 224, 'South America': 84}
添加后: {'Europe': 370, 'North America': 224, 'South America': 84}
[2026-06-23 19:00:00.234137] 开始添加学校...
[2026-06-23 19:00:00.279089] 添加了 0 所学校
添加前: {'Europe': 370, 'North America': 224, 'South America': 84}
添加后: {'Europe': 370, 'North America': 224, 'South America': 84}
[2026-06-23 20:00:00.686096] 开始添加学校...
[2026-06-23 20:00:00.718881] 添加了 0 所学校
添加前: {'Europe': 370, 'North America': 224, 'South America': 84}
添加后: {'Europe': 370, 'North America': 224, 'South America': 84}
[2026-06-23 21:00:00.595136] 开始添加学校...
[2026-06-23 21:00:00.630968] 添加了 0 所学校
添加前: {'Europe': 370, 'North America': 224, 'South America': 84}
添加后: {'Europe': 370, 'North America': 224, 'South America': 84}
[2026-06-23 22:00:01.063074] 开始添加学校...
[2026-06-23 22:00:01.095244] 添加了 0 所学校
添加前: {'Europe': 370, 'North America': 224, 'South America': 84}
添加后: {'Europe': 370, 'North America': 224, 'South America': 84}
[2026-06-23 23:00:00.538079] 开始添加学校...
[2026-06-23 23:00:00.573475] 添加了 0 所学校
添加前: {'Europe': 370, 'North America': 224, 'South America': 84}
添加后: {'Europe': 370, 'North America': 224, 'South America': 84}
[2026-06-24 00:00:00.294442] 开始添加学校...
[2026-06-24 00:00:00.331032] 添加了 0 所学校
添加前: {'Europe': 370, 'North America': 224, 'South America': 84}
添加后: {'Europe': 370, 'North America': 224, 'South America': 84}
[2026-06-24 01:00:00.479597] 开始添加学校...
[2026-06-24 01:00:00.520789] 添加了 0 所学校
添加前: {'Europe': 370, 'North America': 224, 'South America': 84}
添加后: {'Europe': 370, 'North America': 224, 'South America': 84}
[2026-06-24 02:00:00.400665] 开始添加学校...
[2026-06-24 02:00:00.415088] 添加了 0 所学校
添加前: {'Europe': 370, 'North America': 224, 'South America': 84}
添加后: {'Europe': 370, 'North America': 224, 'South America': 84}
[2026-06-24 03:00:00.430655] 开始添加学校...
[2026-06-24 03:00:00.444544] 添加了 0 所学校
添加前: {'Europe': 370, 'North America': 224, 'South America': 84}
添加后: {'Europe': 370, 'North America': 224, 'South America': 84}
[2026-06-24 04:00:00.999468] 开始添加学校...
[2026-06-24 04:00:01.015790] 添加了 0 所学校
添加前: {'Europe': 370, 'North America': 224, 'South America': 84}
添加后: {'Europe': 370, 'North America': 224, 'South America': 84}
[2026-06-24 05:00:00.529606] 开始添加学校...
Traceback (most recent call last):
  File "/Users/wangfeng/.openclaw/workspace/school-badge-website/scripts/add_europe_america_schools.py", line 104, in <module>
    before = get_current_stats()
  File "/Users/wangfeng/.openclaw/workspace/school-badge-website/scripts/add_europe_america_schools.py", line 15, in get_current_stats
    cursor.execute("""SELECT region, COUNT(*) FROM schools WHERE region IN ('Europe','North America','South America') GROUP BY region""")
sqlite3.OperationalError: disk I/O error
[2026-06-24 06:00:01.051200] 开始添加学校...
Traceback (most recent call last):
  File "/Users/wangfeng/.openclaw/workspace/school-badge-website/scripts/add_europe_america_schools.py", line 104, in <module>
    before = get_current_stats()
  File "/Users/wangfeng/.openclaw/workspace/school-badge-website/scripts/add_europe_america_schools.py", line 15, in get_current_stats
    cursor.execute("""SELECT region, COUNT(*) FROM schools WHERE region IN ('Europe','North America','South America') GROUP BY region""")
sqlite3.OperationalError: disk I/O error
[2026-06-24 07:00:00.666074] 开始添加学校...
Traceback (most recent call last):
  File "/Users/wangfeng/.openclaw/workspace/school-badge-website/scripts/add_europe_america_schools.py", line 104, in <module>
    before = get_current_stats()
  File "/Users/wangfeng/.openclaw/workspace/school-badge-website/scripts/add_europe_america_schools.py", line 15, in get_current_stats
    cursor.execute("""SELECT region, COUNT(*) FROM schools WHERE region IN ('Europe','North America','South America') GROUP BY region""")
sqlite3.OperationalError: disk I/O error
[2026-06-24 08:00:00.960476] 开始添加学校...
[2026-06-24 08:00:00.972835] 添加了 0 所学校
添加前: {'Europe': 370, 'North America': 224, 'South America': 84}
添加后: {'Europe': 370, 'North America': 224, 'South America': 84}
[2026-06-24 09:00:00.337474] 开始添加学校...
[2026-06-24 09:00:00.371097] 添加了 0 所学校
添加前: {'Europe': 370, 'North America': 224, 'South America': 84}
添加后: {'Europe': 370, 'North America': 224, 'South America': 84}
[2026-06-24 10:00:00.280858] 开始添加学校...
[2026-06-24 10:00:00.295603] 添加了 0 所学校
添加前: {'Europe': 370, 'North America': 224, 'South America': 84}
添加后: {'Europe': 370, 'North America': 224, 'South America': 84}
[2026-06-24 11:00:00.258454] 开始添加学校...
[2026-06-24 11:00:00.290877] 添加了 0 所学校
添加前: {'Europe': 370, 'North America': 224, 'South America': 84}
添加后: {'Europe': 370, 'North America': 224, 'South America': 84}
[2026-06-24 12:00:00.680800] 开始添加学校...
[2026-06-24 12:00:00.716931] 添加了 0 所学校
添加前: {'Europe': 370, 'North America': 224, 'South America': 84}
添加后: {'Europe': 370, 'North America': 224, 'South America': 84}
[2026-06-24 13:00:00.764163] 开始添加学校...
[2026-06-24 13:00:00.798253] 添加了 0 所学校
添加前: {'Europe': 370, 'North America': 224, 'South America': 84}
添加后: {'Europe': 370, 'North America': 224, 'South America': 84}
[2026-06-24 14:00:00.514308] 开始添加学校...
[2026-06-24 14:00:00.534752] 添加了 0 所学校
添加前: {'Europe': 370, 'North America': 224, 'South America': 84}
添加后: {'Europe': 370, 'North America': 224, 'South America': 84}
[2026-06-24 15:00:00.752054] 开始添加学校...
[2026-06-24 15:00:00.786096] 添加了 0 所学校
添加前: {'Europe': 370, 'North America': 224, 'South America': 84}
添加后: {'Europe': 370, 'North America': 224, 'South America': 84}
[2026-06-24 16:00:00.434991] 开始添加学校...
[2026-06-24 16:00:00.469250] 添加了 0 所学校
添加前: {'Europe': 370, 'North America': 224, 'South America': 84}
添加后: {'Europe': 370, 'North America': 224, 'South America': 84}
[2026-06-24 17:00:00.863413] 开始添加学校...
[2026-06-24 17:00:00.898840] 添加了 0 所学校
添加前: {'Europe': 370, 'North America': 224, 'South America': 84}
添加后: {'Europe': 370, 'North America': 224, 'South America': 84}
[2026-06-24 18:00:00.295117] 开始添加学校...
[2026-06-24 18:00:00.309169] 添加了 0 所学校
添加前: {'Europe': 370, 'North America': 224, 'South America': 84}
添加后: {'Europe': 370, 'North America': 224, 'South America': 84}
[2026-06-24 19:00:00.544180] 开始添加学校...
[2026-06-24 19:00:00.578160] 添加了 0 所学校
添加前: {'Europe': 370, 'North America': 224, 'South America': 84}
添加后: {'Europe': 370, 'North America': 224, 'South America': 84}
[2026-06-24 20:00:00.299211] 开始添加学校...
[2026-06-24 20:00:00.356876] 添加了 0 所学校
添加前: {'Europe': 370, 'North America': 224, 'South America': 84}
添加后: {'Europe': 370, 'North America': 224, 'South America': 84}
[2026-06-24 21:00:00.909201] 开始添加学校...
[2026-06-24 21:00:00.946775] 添加了 0 所学校
添加前: {'Europe': 370, 'North America': 224, 'South America': 84}
添加后: {'Europe': 370, 'North America': 224, 'South America': 84}
[2026-06-24 22:00:01.128159] 开始添加学校...
[2026-06-24 22:00:01.161903] 添加了 0 所学校
添加前: {'Europe': 370, 'North America': 224, 'South America': 84}
添加后: {'Europe': 370, 'North America': 224, 'South America': 84}
[2026-06-24 23:00:00.667071] 开始添加学校...
[2026-06-24 23:00:00.700561] 添加了 0 所学校
添加前: {'Europe': 370, 'North America': 224, 'South America': 84}
添加后: {'Europe': 370, 'North America': 224, 'South America': 84}
[2026-06-25 00:00:00.760423] 开始添加学校...
[2026-06-25 00:00:00.813892] 添加了 0 所学校
添加前: {'Europe': 370, 'North America': 224, 'South America': 84}
添加后: {'Europe': 370, 'North America': 224, 'South America': 84}
[2026-06-25 01:00:00.716373] 开始添加学校...
[2026-06-25 01:00:00.751254] 添加了 0 所学校
添加前: {'Europe': 370, 'North America': 224, 'South America': 84}
添加后: {'Europe': 370, 'North America': 224, 'South America': 84}
[2026-06-25 02:00:00.387525] 开始添加学校...
[2026-06-25 02:00:00.422606] 添加了 0 所学校
添加前: {'Europe': 370, 'North America': 224, 'South America': 84}
添加后: {'Europe': 370, 'North America': 224, 'South America': 84}
[2026-06-25 03:00:00.322324] 开始添加学校...
[2026-06-25 03:00:00.356138] 添加了 0 所学校
添加前: {'Europe': 370, 'North America': 224, 'South America': 84}
添加后: {'Europe': 370, 'North America': 224, 'South America': 84}
[2026-06-25 04:00:00.684760] 开始添加学校...
[2026-06-25 04:00:00.699555] 添加了 0 所学校
添加前: {'Europe': 370, 'North America': 224, 'South America': 84}
添加后: {'Europe': 370, 'North America': 224, 'South America': 84}
[2026-06-25 05:00:00.419677] 开始添加学校...
[2026-06-25 05:00:00.454681] 添加了 0 所学校
添加前: {'Europe': 370, 'North America': 224, 'South America': 84}
添加后: {'Europe': 370, 'North America': 224, 'South America': 84}
[2026-06-25 06:00:00.867793] 开始添加学校...
[2026-06-25 06:00:00.882155] 添加了 0 所学校
添加前: {'Europe': 370, 'North America': 224, 'South America': 84}
添加后: {'Europe': 370, 'North America': 224, 'South America': 84}
[2026-06-25 07:00:01.094991] 开始添加学校...
[2026-06-25 07:00:01.129316] 添加了 0 所学校
添加前: {'Europe': 370, 'North America': 224, 'South America': 84}
添加后: {'Europe': 370, 'North America': 224, 'South America': 84}
[2026-06-25 08:00:01.073132] 开始添加学校...
[2026-06-25 08:00:01.088454] 添加了 0 所学校
添加前: {'Europe': 370, 'North America': 224, 'South America': 84}
添加后: {'Europe': 370, 'North America': 224, 'South America': 84}
[2026-06-25 09:00:00.729345] 开始添加学校...
[2026-06-25 09:00:00.762716] 添加了 0 所学校
添加前: {'Europe': 370, 'North America': 224, 'South America': 84}
添加后: {'Europe': 370, 'North America': 224, 'South America': 84}
[2026-06-25 10:00:00.969720] 开始添加学校...
[2026-06-25 10:00:01.006278] 添加了 0 所学校
添加前: {'Europe': 370, 'North America': 224, 'South America': 84}
添加后: {'Europe': 370, 'North America': 224, 'South America': 84}
[2026-06-25 11:00:00.958464] 开始添加学校...
[2026-06-25 11:00:00.993284] 添加了 0 所学校
添加前: {'Europe': 370, 'North America': 224, 'South America': 84}
添加后: {'Europe': 370, 'North America': 224, 'South America': 84}
[2026-06-25 12:00:00.178629] 开始添加学校...
[2026-06-25 12:00:00.193491] 添加了 0 所学校
添加前: {'Europe': 370, 'North America': 224, 'South America': 84}
添加后: {'Europe': 370, 'North America': 224, 'South America': 84}
[2026-06-25 13:00:00.433859] 开始添加学校...
[2026-06-25 13:00:00.469419] 添加了 0 所学校
添加前: {'Europe': 370, 'North America': 224, 'South America': 84}
添加后: {'Europe': 370, 'North America': 224, 'South America': 84}
[2026-06-25 14:00:00.961334] 开始添加学校...
[2026-06-25 14:00:01.009392] 添加了 0 所学校
添加前: {'Europe': 370, 'North America': 224, 'South America': 84}
添加后: {'Europe': 370, 'North America': 224, 'South America': 84}
[2026-06-25 15:00:00.560180] 开始添加学校...
[2026-06-25 15:00:00.594105] 添加了 0 所学校
添加前: {'Europe': 370, 'North America': 224, 'South America': 84}
添加后: {'Europe': 370, 'North America': 224, 'South America': 84}
[2026-06-25 16:00:00.186086] 开始添加学校...
[2026-06-25 16:00:00.207564] 添加了 0 所学校
添加前: {'Europe': 370, 'North America': 224, 'South America': 84}
添加后: {'Europe': 370, 'North America': 224, 'South America': 84}
[2026-06-25 17:00:00.519243] 开始添加学校...
[2026-06-25 17:00:00.552164] 添加了 0 所学校
添加前: {'Europe': 370, 'North America': 224, 'South America': 84}
添加后: {'Europe': 370, 'North America': 224, 'South America': 84}
[2026-06-25 18:00:00.386264] 开始添加学校...
[2026-06-25 18:00:00.419234] 添加了 0 所学校
添加前: {'Europe': 370, 'North America': 224, 'South America': 84}
添加后: {'Europe': 370, 'North America': 224, 'South America': 84}
[2026-06-25 19:00:00.554703] 开始添加学校...
[2026-06-25 19:00:00.589510] 添加了 0 所学校
添加前: {'Europe': 370, 'North America': 224, 'South America': 84}
添加后: {'Europe': 370, 'North America': 224, 'South America': 84}
[2026-06-25 20:00:00.635636] 开始添加学校...
Traceback (most recent call last):
  File "/Users/wangfeng/.openclaw/workspace/school-badge-website/scripts/add_europe_america_schools.py", line 104, in <module>
    before = get_current_stats()
  File "/Users/wangfeng/.openclaw/workspace/school-badge-website/scripts/add_europe_america_schools.py", line 15, in get_current_stats
    cursor.execute("""SELECT region, COUNT(*) FROM schools WHERE region IN ('Europe','North America','South America') GROUP BY region""")
sqlite3.OperationalError: disk I/O error
[2026-06-25 21:00:01.209673] 开始添加学校...
Traceback (most recent call last):
  File "/Users/wangfeng/.openclaw/workspace/school-badge-website/scripts/add_europe_america_schools.py", line 104, in <module>
    before = get_current_stats()
  File "/Users/wangfeng/.openclaw/workspace/school-badge-website/scripts/add_europe_america_schools.py", line 15, in get_current_stats
    cursor.execute("""SELECT region, COUNT(*) FROM schools WHERE region IN ('Europe','North America','South America') GROUP BY region""")
sqlite3.OperationalError: disk I/O error
[2026-06-25 22:00:00.837749] 开始添加学校...
Traceback (most recent call last):
  File "/Users/wangfeng/.openclaw/workspace/school-badge-website/scripts/add_europe_america_schools.py", line 104, in <module>
    before = get_current_stats()
  File "/Users/wangfeng/.openclaw/workspace/school-badge-website/scripts/add_europe_america_schools.py", line 15, in get_current_stats
    cursor.execute("""SELECT region, COUNT(*) FROM schools WHERE region IN ('Europe','North America','South America') GROUP BY region""")
sqlite3.OperationalError: disk I/O error
[2026-06-25 23:00:01.157888] 开始添加学校...
Traceback (most recent call last):
  File "/Users/wangfeng/.openclaw/workspace/school-badge-website/scripts/add_europe_america_schools.py", line 104, in <module>
    before = get_current_stats()
  File "/Users/wangfeng/.openclaw/workspace/school-badge-website/scripts/add_europe_america_schools.py", line 15, in get_current_stats
    cursor.execute("""SELECT region, COUNT(*) FROM schools WHERE region IN ('Europe','North America','South America') GROUP BY region""")
sqlite3.OperationalError: disk I/O error
[2026-06-26 00:00:00.542377] 开始添加学校...
Traceback (most recent call last):
  File "/Users/wangfeng/.openclaw/workspace/school-badge-website/scripts/add_europe_america_schools.py", line 104, in <module>
    before = get_current_stats()
  File "/Users/wangfeng/.openclaw/workspace/school-badge-website/scripts/add_europe_america_schools.py", line 15, in get_current_stats
    cursor.execute("""SELECT region, COUNT(*) FROM schools WHERE region IN ('Europe','North America','South America') GROUP BY region""")
sqlite3.OperationalError: disk I/O error
[2026-07-12 13:00:00.760111] 开始添加学校...
[2026-07-12 13:00:00.794307] 添加了 0 所学校
添加前: {'Europe': 370, 'North America': 224, 'South America': 84}
添加后: {'Europe': 370, 'North America': 224, 'South America': 84}
[2026-07-12 14:00:00.318984] 开始添加学校...
[2026-07-12 14:00:00.353180] 添加了 0 所学校
添加前: {'Europe': 370, 'North America': 224, 'South America': 84}
添加后: {'Europe': 370, 'North America': 224, 'South America': 84}
[2026-07-12 17:00:00.229100] 开始添加学校...
[2026-07-12 17:00:00.265587] 添加了 0 所学校
添加前: {'Europe': 370, 'North America': 224, 'South America': 84}
添加后: {'Europe': 370, 'North America': 224, 'South America': 84}
[2026-07-14 02:00:00.549632] 开始添加学校...
[2026-07-14 02:00:00.584971] 添加了 0 所学校
添加前: {'Europe': 370, 'North America': 224, 'South America': 84}
添加后: {'Europe': 370, 'North America': 224, 'South America': 84}
[2026-07-14 06:00:00.586369] 开始添加学校...
[2026-07-14 06:00:00.618498] 添加了 0 所学校
添加前: {'Europe': 370, 'North America': 224, 'South America': 84}
添加后: {'Europe': 370, 'North America': 224, 'South America': 84}
[2026-07-14 07:00:39.610606] 开始添加学校...
[2026-07-14 07:00:39.647611] 添加了 0 所学校
添加前: {'Europe': 370, 'North America': 224, 'South America': 84}
添加后: {'Europe': 370, 'North America': 224, 'South America': 84}
[2026-07-14 12:00:00.956171] 开始添加学校...
[2026-07-14 12:00:00.988431] 添加了 0 所学校
添加前: {'Europe': 370, 'North America': 224, 'South America': 84}
添加后: {'Europe': 370, 'North America': 224, 'South America': 84}
[2026-07-14 17:00:00.324173] 开始添加学校...
[2026-07-14 17:00:00.356023] 添加了 0 所学校
添加前: {'Europe': 370, 'North America': 224, 'South America': 84}
添加后: {'Europe': 370, 'North America': 224, 'South America': 84}
[2026-07-14 21:00:01.054555] 开始添加学校...
[2026-07-14 21:00:01.086527] 添加了 0 所学校
添加前: {'Europe': 370, 'North America': 224, 'South America': 84}
添加后: {'Europe': 370, 'North America': 224, 'South America': 84}
[2026-07-16 15:00:00.726217] 开始添加学校...
[2026-07-16 15:00:00.760408] 添加了 0 所学校
添加前: {'Europe': 370, 'North America': 224, 'South America': 84}
添加后: {'Europe': 370, 'North America': 224, 'South America': 84}
[2026-07-16 22:00:00.688132] 开始添加学校...
[2026-07-16 22:00:00.728035] 添加了 0 所学校
添加前: {'Europe': 370, 'North America': 224, 'South America': 84}
添加后: {'Europe': 370, 'North America': 224, 'South America': 84}
[2026-07-16 23:00:01.365826] 开始添加学校...
[2026-07-16 23:00:01.396852] 添加了 0 所学校
添加前: {'Europe': 370, 'North America': 224, 'South America': 84}
添加后: {'Europe': 370, 'North America': 224, 'South America': 84}
[2026-07-17 00:00:00.354586] 开始添加学校...
[2026-07-17 00:00:00.391742] 添加了 0 所学校
添加前: {'Europe': 370, 'North America': 224, 'South America': 84}
添加后: {'Europe': 370, 'North America': 224, 'South America': 84}
[2026-07-17 02:00:00.490995] 开始添加学校...
[2026-07-17 02:00:00.526388] 添加了 0 所学校
添加前: {'Europe': 370, 'North America': 224, 'South America': 84}
添加后: {'Europe': 370, 'North America': 224, 'South America': 84}
[2026-07-17 07:00:09.071063] 开始添加学校...
[2026-07-17 07:00:09.104558] 添加了 0 所学校
添加前: {'Europe': 370, 'North America': 224, 'South America': 84}
添加后: {'Europe': 370, 'North America': 224, 'South America': 84}
[2026-07-17 15:00:00.455174] 开始添加学校...
[2026-07-17 15:00:00.491585] 添加了 0 所学校
添加前: {'Europe': 370, 'North America': 224, 'South America': 84}
添加后: {'Europe': 370, 'North America': 224, 'South America': 84}
[2026-07-17 16:00:00.816027] 开始添加学校...
[2026-07-17 16:00:00.849426] 添加了 0 所学校
添加前: {'Europe': 370, 'North America': 224, 'South America': 84}
添加后: {'Europe': 370, 'North America': 224, 'South America': 84}
[2026-07-18 11:00:00.519915] 开始添加学校...
[2026-07-18 11:00:00.556011] 添加了 0 所学校
添加前: {'Europe': 370, 'North America': 224, 'South America': 84}
添加后: {'Europe': 370, 'North America': 224, 'South America': 84}
[2026-07-18 14:01:40.286631] 开始添加学校...
[2026-07-18 14:01:40.329417] 添加了 0 所学校
添加前: {'Europe': 370, 'North America': 224, 'South America': 84}
添加后: {'Europe': 370, 'North America': 224, 'South America': 84}
[2026-07-18 17:00:00.419468] 开始添加学校...
[2026-07-18 17:00:00.452565] 添加了 0 所学校
添加前: {'Europe': 370, 'North America': 224, 'South America': 84}
添加后: {'Europe': 370, 'North America': 224, 'South America': 84}
[2026-07-18 20:00:00.432633] 开始添加学校...
[2026-07-18 20:00:00.466935] 添加了 0 所学校
添加前: {'Europe': 370, 'North America': 224, 'South America': 84}
添加后: {'Europe': 370, 'North America': 224, 'South America': 84}
[2026-07-19 00:00:00.850228] 开始添加学校...
[2026-07-19 00:00:00.886165] 添加了 0 所学校
添加前: {'Europe': 370, 'North America': 224, 'South America': 84}
添加后: {'Europe': 370, 'North America': 224, 'South America': 84}
[2026-07-19 07:00:58.333693] 开始添加学校...
[2026-07-19 07:00:58.366820] 添加了 0 所学校
添加前: {'Europe': 370, 'North America': 224, 'South America': 84}
添加后: {'Europe': 370, 'North America': 224, 'South America': 84}
[2026-07-19 11:01:17.764603] 开始添加学校...
[2026-07-19 11:01:17.798831] 添加了 0 所学校
添加前: {'Europe': 370, 'North America': 224, 'South America': 84}
添加后: {'Europe': 370, 'North America': 224, 'South America': 84}
[2026-07-19 21:00:00.649449] 开始添加学校...
[2026-07-19 21:00:00.683815] 添加了 0 所学校
添加前: {'Europe': 370, 'North America': 224, 'South America': 84}
添加后: {'Europe': 370, 'North America': 224, 'South America': 84}
[2026-07-20 19:00:00.806267] 开始添加学校...
[2026-07-20 19:00:00.843573] 添加了 0 所学校
添加前: {'Europe': 370, 'North America': 224, 'South America': 84}
添加后: {'Europe': 370, 'North America': 224, 'South America': 84}
[2026-07-20 20:00:00.626409] 开始添加学校...
[2026-07-20 20:00:00.662032] 添加了 0 所学校
添加前: {'Europe': 370, 'North America': 224, 'South America': 84}
添加后: {'Europe': 370, 'North America': 224, 'South America': 84}
[2026-07-21 16:00:01.007846] 开始添加学校...
[2026-07-21 16:00:01.285039] 添加了 0 所学校
添加前: {'Europe': 370, 'North America': 224, 'South America': 84}
添加后: {'Europe': 370, 'North America': 224, 'South America': 84}
[2026-07-21 21:00:00.784992] 开始添加学校...
[2026-07-21 21:00:00.818927] 添加了 0 所学校
添加前: {'Europe': 370, 'North America': 224, 'South America': 84}
添加后: {'Europe': 370, 'North America': 224, 'South America': 84}
[2026-07-21 22:00:00.701307] 开始添加学校...
[2026-07-21 22:00:00.734718] 添加了 0 所学校
添加前: {'Europe': 370, 'North America': 224, 'South America': 84}
添加后: {'Europe': 370, 'North America': 224, 'South America': 84}
[2026-07-21 23:00:00.840104] 开始添加学校...
[2026-07-21 23:00:00.872910] 添加了 0 所学校
添加前: {'Europe': 370, 'North America': 224, 'South America': 84}
添加后: {'Europe': 370, 'North America': 224, 'South America': 84}
[2026-07-22 00:00:00.617697] 开始添加学校...
[2026-07-22 00:00:00.650645] 添加了 0 所学校
添加前: {'Europe': 370, 'North America': 224, 'South America': 84}
添加后: {'Europe': 370, 'North America': 224, 'South America': 84}
[2026-07-22 01:00:00.639715] 开始添加学校...
[2026-07-22 01:00:00.676482] 添加了 0 所学校
添加前: {'Europe': 370, 'North America': 224, 'South America': 84}
添加后: {'Europe': 370, 'North America': 224, 'South America': 84}
[2026-07-22 02:00:00.551727] 开始添加学校...
[2026-07-22 02:00:00.585859] 添加了 0 所学校
添加前: {'Europe': 370, 'North America': 224, 'South America': 84}
添加后: {'Europe': 370, 'North America': 224, 'South America': 84}
[2026-07-22 03:00:00.582565] 开始添加学校...
[2026-07-22 03:00:00.617042] 添加了 0 所学校
添加前: {'Europe': 370, 'North America': 224, 'South America': 84}
添加后: {'Europe': 370, 'North America': 224, 'South America': 84}
[2026-07-22 04:00:00.352730] 开始添加学校...
[2026-07-22 04:00:00.383943] 添加了 0 所学校
添加前: {'Europe': 370, 'North America': 224, 'South America': 84}
添加后: {'Europe': 370, 'North America': 224, 'South America': 84}
[2026-07-22 05:00:01.118979] 开始添加学校...
[2026-07-22 05:00:01.149837] 添加了 0 所学校
添加前: {'Europe': 370, 'North America': 224, 'South America': 84}
添加后: {'Europe': 370, 'North America': 224, 'South America': 84}
[2026-07-22 06:00:00.857598] 开始添加学校...
[2026-07-22 06:00:00.889215] 添加了 0 所学校
添加前: {'Europe': 370, 'North America': 224, 'South America': 84}
添加后: {'Europe': 370, 'North America': 224, 'South America': 84}
[2026-07-22 07:00:00.267173] 开始添加学校...
[2026-07-22 07:00:00.299758] 添加了 0 所学校
添加前: {'Europe': 370, 'North America': 224, 'South America': 84}
添加后: {'Europe': 370, 'North America': 224, 'South America': 84}
[2026-07-22 08:00:00.554925] 开始添加学校...
[2026-07-22 08:00:00.586943] 添加了 0 所学校
添加前: {'Europe': 370, 'North America': 224, 'South America': 84}
添加后: {'Europe': 370, 'North America': 224, 'South America': 84}
[2026-07-22 09:00:00.856548] 开始添加学校...
[2026-07-22 09:00:00.891482] 添加了 0 所学校
添加前: {'Europe': 370, 'North America': 224, 'South America': 84}
添加后: {'Europe': 370, 'North America': 224, 'South America': 84}
[2026-07-22 10:00:00.682972] 开始添加学校...
[2026-07-22 10:00:00.716348] 添加了 0 所学校
添加前: {'Europe': 370, 'North America': 224, 'South America': 84}
添加后: {'Europe': 370, 'North America': 224, 'South America': 84}
[2026-07-22 11:00:00.479659] 开始添加学校...
[2026-07-22 11:00:00.513186] 添加了 0 所学校
添加前: {'Europe': 370, 'North America': 224, 'South America': 84}
添加后: {'Europe': 370, 'North America': 224, 'South America': 84}
[2026-07-22 12:00:01.055846] 开始添加学校...
[2026-07-22 12:00:01.087721] 添加了 0 所学校
添加前: {'Europe': 370, 'North America': 224, 'South America': 84}
添加后: {'Europe': 370, 'North America': 224, 'South America': 84}
[2026-07-22 13:00:01.135686] 开始添加学校...
[2026-07-22 13:00:01.167131] 添加了 0 所学校
添加前: {'Europe': 370, 'North America': 224, 'South America': 84}
添加后: {'Europe': 370, 'North America': 224, 'South America': 84}
[2026-07-22 14:00:00.687512] 开始添加学校...
[2026-07-22 14:00:00.720215] 添加了 0 所学校
添加前: {'Europe': 370, 'North America': 224, 'South America': 84}
添加后: {'Europe': 370, 'North America': 224, 'South America': 84}
[2026-07-22 15:00:00.353344] 开始添加学校...
[2026-07-22 15:00:00.386732] 添加了 0 所学校
添加前: {'Europe': 370, 'North America': 224, 'South America': 84}
添加后: {'Europe': 370, 'North America': 224, 'South America': 84}
[2026-07-22 16:00:00.956568] 开始添加学校...
[2026-07-22 16:00:00.990646] 添加了 0 所学校
添加前: {'Europe': 370, 'North America': 224, 'South America': 84}
添加后: {'Europe': 370, 'North America': 224, 'South America': 84}
[2026-07-22 17:00:00.395298] 开始添加学校...
[2026-07-22 17:00:00.429789] 添加了 0 所学校
添加前: {'Europe': 370, 'North America': 224, 'South America': 84}
添加后: {'Europe': 370, 'North America': 224, 'South America': 84}
[2026-07-22 18:00:00.841335] 开始添加学校...
[2026-07-22 18:00:00.875736] 添加了 0 所学校
添加前: {'Europe': 370, 'North America': 224, 'South America': 84}
添加后: {'Europe': 370, 'North America': 224, 'South America': 84}
[2026-07-22 19:00:00.343756] 开始添加学校...
[2026-07-22 19:00:00.376960] 添加了 0 所学校
添加前: {'Europe': 370, 'North America': 224, 'South America': 84}
添加后: {'Europe': 370, 'North America': 224, 'South America': 84}
[2026-07-22 20:00:00.454204] 开始添加学校...
[2026-07-22 20:00:00.493115] 添加了 0 所学校
添加前: {'Europe': 370, 'North America': 224, 'South America': 84}
添加后: {'Europe': 370, 'North America': 224, 'South America': 84}
[2026-07-22 21:00:01.027366] 开始添加学校...
[2026-07-22 21:00:01.062354] 添加了 0 所学校
添加前: {'Europe': 370, 'North America': 224, 'South America': 84}
添加后: {'Europe': 370, 'North America': 224, 'South America': 84}
[2026-07-22 22:00:00.419139] 开始添加学校...
[2026-07-22 22:00:00.455693] 添加了 0 所学校
添加前: {'Europe': 370, 'North America': 224, 'South America': 84}
添加后: {'Europe': 370, 'North America': 224, 'South America': 84}
[2026-07-22 23:00:00.142573] 开始添加学校...
[2026-07-22 23:00:00.186332] 添加了 0 所学校
添加前: {'Europe': 370, 'North America': 224, 'South America': 84}
添加后: {'Europe': 370, 'North America': 224, 'South America': 84}
[2026-07-23 00:00:01.053671] 开始添加学校...
[2026-07-23 00:00:01.146057] 添加了 0 所学校
添加前: {'Europe': 370, 'North America': 224, 'South America': 84}
添加后: {'Europe': 370, 'North America': 224, 'South America': 84}
[2026-07-23 07:00:01.109226] 开始添加学校...
[2026-07-23 07:00:01.144574] 添加了 0 所学校
添加前: {'Europe': 370, 'North America': 224, 'South America': 84}
添加后: {'Europe': 370, 'North America': 224, 'South America': 84}
[2026-07-23 08:00:25.836918] 开始添加学校...
[2026-07-23 08:00:25.868656] 添加了 0 所学校
添加前: {'Europe': 370, 'North America': 224, 'South America': 84}
添加后: {'Europe': 370, 'North America': 224, 'South America': 84}
[2026-07-23 09:01:43.035958] 开始添加学校...
[2026-07-23 09:01:43.069658] 添加了 0 所学校
添加前: {'Europe': 370, 'North America': 224, 'South America': 84}
添加后: {'Europe': 370, 'North America': 224, 'South America': 84}
[2026-07-23 12:00:25.680894] 开始添加学校...
[2026-07-23 12:00:25.713003] 添加了 0 所学校
添加前: {'Europe': 370, 'North America': 224, 'South America': 84}
添加后: {'Europe': 370, 'North America': 224, 'South America': 84}
[2026-07-23 19:00:00.464934] 开始添加学校...
[2026-07-23 19:00:00.499090] 添加了 0 所学校
添加前: {'Europe': 370, 'North America': 224, 'South America': 84}
添加后: {'Europe': 370, 'North America': 224, 'South America': 84}
[2026-07-24 16:00:00.930077] 开始添加学校...
[2026-07-24 16:00:00.965522] 添加了 0 所学校
添加前: {'Europe': 370, 'North America': 224, 'South America': 84}
添加后: {'Europe': 370, 'North America': 224, 'South America': 84}
[2026-07-25 15:00:00.373008] 开始添加学校...
[2026-07-25 15:00:00.406906] 添加了 0 所学校
添加前: {'Europe': 370, 'North America': 224, 'South America': 84}
添加后: {'Europe': 370, 'North America': 224, 'South America': 84}
[2026-07-26 11:00:00.454297] 开始添加学校...
[2026-07-26 11:00:00.488740] 添加了 0 所学校
添加前: {'Europe': 370, 'North America': 224, 'South America': 84}
添加后: {'Europe': 370, 'North America': 224, 'South America': 84}
[2026-07-26 12:00:00.812813] 开始添加学校...
[2026-07-26 12:00:00.846851] 添加了 0 所学校
添加前: {'Europe': 370, 'North America': 224, 'South America': 84}
添加后: {'Europe': 370, 'North America': 224, 'South America': 84}
[2026-07-26 13:00:00.440001] 开始添加学校...
[2026-07-26 13:00:00.477809] 添加了 0 所学校
添加前: {'Europe': 370, 'North America': 224, 'South America': 84}
添加后: {'Europe': 370, 'North America': 224, 'South America': 84}
[2026-07-26 15:00:00.381616] 开始添加学校...
[2026-07-26 15:00:00.417227] 添加了 0 所学校
添加前: {'Europe': 370, 'North America': 224, 'South America': 84}
添加后: {'Europe': 370, 'North America': 224, 'South America': 84}
[2026-07-26 23:00:02.793304] 开始添加学校...
[2026-07-26 23:00:02.830180] 添加了 0 所学校
添加前: {'Europe': 370, 'North America': 224, 'South America': 84}
添加后: {'Europe': 370, 'North America': 224, 'South America': 84}
[2026-07-28 22:00:02.710865] 开始添加学校...
[2026-07-28 22:00:02.748924] 添加了 0 所学校
添加前: {'Europe': 370, 'North America': 224, 'South America': 84}
添加后: {'Europe': 370, 'North America': 224, 'South America': 84}
[2026-07-29 07:00:35.035357] 开始添加学校...
[2026-07-29 07:00:35.068125] 添加了 0 所学校
添加前: {'Europe': 370, 'North America': 224, 'South America': 84}
添加后: {'Europe': 370, 'North America': 224, 'South America': 84}
[2026-07-29 08:00:48.746403] 开始添加学校...
[2026-07-29 08:00:48.778987] 添加了 0 所学校
添加前: {'Europe': 370, 'North America': 224, 'South America': 84}
添加后: {'Europe': 370, 'North America': 224, 'South America': 84}
[2026-07-29 09:00:00.578801] 开始添加学校...
[2026-07-29 09:00:00.612515] 添加了 0 所学校
添加前: {'Europe': 370, 'North America': 224, 'South America': 84}
添加后: {'Europe': 370, 'North America': 224, 'South America': 84}
[2026-07-29 13:00:00.932969] 开始添加学校...
[2026-07-29 13:00:00.966357] 添加了 0 所学校
添加前: {'Europe': 370, 'North America': 224, 'South America': 84}
添加后: {'Europe': 370, 'North America': 224, 'South America': 84}
[2026-07-29 16:00:00.238573] 开始添加学校...
[2026-07-29 16:00:00.269918] 添加了 0 所学校
添加前: {'Europe': 370, 'North America': 224, 'South America': 84}
添加后: {'Europe': 370, 'North America': 224, 'South America': 84}
[2026-07-29 22:00:17.614258] 开始添加学校...
[2026-07-29 22:00:17.647059] 添加了 0 所学校
添加前: {'Europe': 370, 'North America': 224, 'South America': 84}
添加后: {'Europe': 370, 'North America': 224, 'South America': 84}
[2026-07-30 06:00:00.611273] 开始添加学校...
[2026-07-30 06:00:00.644869] 添加了 0 所学校
添加前: {'Europe': 370, 'North America': 224, 'South America': 84}
添加后: {'Europe': 370, 'North America': 224, 'South America': 84}
[2026-07-30 22:00:00.474225] 开始添加学校...
[2026-07-30 22:00:00.522953] 添加了 0 所学校
添加前: {'Europe': 370, 'North America': 224, 'South America': 84}
添加后: {'Europe': 370, 'North America': 224, 'South America': 84}
[2026-07-30 23:00:00.645236] 开始添加学校...
[2026-07-30 23:00:00.678287] 添加了 0 所学校
添加前: {'Europe': 370, 'North America': 224, 'South America': 84}
添加后: {'Europe': 370, 'North America': 224, 'South America': 84}
[2026-07-31 05:00:00.716763] 开始添加学校...
[2026-07-31 05:00:00.748209] 添加了 0 所学校
添加前: {'Europe': 370, 'North America': 224, 'South America': 84}
添加后: {'Europe': 370, 'North America': 224, 'South America': 84}
[2026-08-01 07:00:38.250192] 开始添加学校...
[2026-08-01 07:00:38.285639] 添加了 0 所学校
添加前: {'Europe': 370, 'North America': 224, 'South America': 84}
添加后: {'Europe': 370, 'North America': 224, 'South America': 84}
[2026-08-01 08:00:14.387790] 开始添加学校...
[2026-08-01 08:00:14.421416] 添加了 0 所学校
添加前: {'Europe': 370, 'North America': 224, 'South America': 84}
添加后: {'Europe': 370, 'North America': 224, 'South America': 84}
[2026-08-01 12:00:00.877507] 开始添加学校...
[2026-08-01 12:00:00.910179] 添加了 0 所学校
添加前: {'Europe': 370, 'North America': 224, 'South America': 84}
添加后: {'Europe': 370, 'North America': 224, 'South America': 84}
[2026-08-01 17:00:00.433756] 开始添加学校...
[2026-08-01 17:00:00.468436] 添加了 0 所学校
添加前: {'Europe': 370, 'North America': 224, 'South America': 84}
添加后: {'Europe': 370, 'North America': 224, 'South America': 84}
[2026-08-02 01:00:01.080653] 开始添加学校...
[2026-08-02 01:00:01.145590] 添加了 0 所学校
添加前: {'Europe': 370, 'North America': 224, 'South America': 84}
添加后: {'Europe': 370, 'North America': 224, 'South America': 84}
[2026-08-02 06:00:00.165920] 开始添加学校...
[2026-08-02 06:00:00.202330] 添加了 0 所学校
添加前: {'Europe': 370, 'North America': 224, 'South America': 84}
添加后: {'Europe': 370, 'North America': 224, 'South America': 84}
[2026-08-02 07:00:40.030726] 开始添加学校...
[2026-08-02 07:00:40.064712] 添加了 0 所学校
添加前: {'Europe': 370, 'North America': 224, 'South America': 84}
添加后: {'Europe': 370, 'North America': 224, 'South America': 84}
[2026-08-02 11:00:01.042907] 开始添加学校...
[2026-08-02 11:00:01.079582] 添加了 0 所学校
添加前: {'Europe': 370, 'North America': 224, 'South America': 84}
添加后: {'Europe': 370, 'North America': 224, 'South America': 84}
[2026-08-02 12:00:01.041296] 开始添加学校...
[2026-08-02 12:00:01.074562] 添加了 0 所学校
添加前: {'Europe': 370, 'North America': 224, 'South America': 84}
添加后: {'Europe': 370, 'North America': 224, 'South America': 84}
[2026-08-02 13:07:31.746070] 开始添加学校...
[2026-08-02 13:07:31.759833] 添加了 0 所学校
添加前: {'Europe': 370, 'North America': 224, 'South America': 84}
添加后: {'Europe': 370, 'North America': 224, 'South America': 84}
[2026-08-02 14:00:01.017854] 开始添加学校...
[2026-08-02 14:00:01.051247] 添加了 0 所学校
添加前: {'Europe': 370, 'North America': 224, 'South America': 84}
添加后: {'Europe': 370, 'North America': 224, 'South America': 84}
[2026-08-02 15:00:01.150305] 开始添加学校...
[2026-08-02 15:00:01.183455] 添加了 0 所学校
添加前: {'Europe': 370, 'North America': 224, 'South America': 84}
添加后: {'Europe': 370, 'North America': 224, 'South America': 84}
[2026-08-02 16:00:00.907991] 开始添加学校...
[2026-08-02 16:00:00.943397] 添加了 0 所学校
添加前: {'Europe': 370, 'North America': 224, 'South America': 84}
添加后: {'Europe': 370, 'North America': 224, 'South America': 84}
[2026-08-04 12:00:00.368687] 开始添加学校...
[2026-08-04 12:00:00.406033] 添加了 0 所学校
添加前: {'Europe': 370, 'North America': 224, 'South America': 84}
添加后: {'Europe': 370, 'North America': 224, 'South America': 84}
[2026-08-04 13:00:00.477501] 开始添加学校...
[2026-08-04 13:00:00.512711] 添加了 0 所学校
添加前: {'Europe': 370, 'North America': 224, 'South America': 84}
添加后: {'Europe': 370, 'North America': 224, 'South America': 84}
[2026-08-04 14:00:00.916043] 开始添加学校...
[2026-08-04 14:00:00.950534] 添加了 0 所学校
添加前: {'Europe': 370, 'North America': 224, 'South America': 84}
添加后: {'Europe': 370, 'North America': 224, 'South America': 84}
[2026-08-04 15:00:00.514497] 开始添加学校...
[2026-08-04 15:00:00.548752] 添加了 0 所学校
添加前: {'Europe': 370, 'North America': 224, 'South America': 84}
添加后: {'Europe': 370, 'North America': 224, 'South America': 84}
[2026-08-05 21:00:00.302754] 开始添加学校...
[2026-08-05 21:00:00.386519] 添加了 0 所学校
添加前: {'Europe': 370, 'North America': 224, 'South America': 84}
添加后: {'Europe': 370, 'North America': 224, 'South America': 84}
[2026-08-05 22:00:00.602356] 开始添加学校...
[2026-08-05 22:00:00.637338] 添加了 0 所学校
添加前: {'Europe': 370, 'North America': 224, 'South America': 84}
添加后: {'Europe': 370, 'North America': 224, 'South America': 84}
[2026-08-05 23:00:00.717425] 开始添加学校...
[2026-08-05 23:00:00.764106] 添加了 0 所学校
添加前: {'Europe': 370, 'North America': 224, 'South America': 84}
添加后: {'Europe': 370, 'North America': 224, 'South America': 84}
[2026-08-06 21:00:00.757107] 开始添加学校...
[2026-08-06 21:00:00.792200] 添加了 0 所学校
添加前: {'Europe': 370, 'North America': 224, 'South America': 84}
添加后: {'Europe': 370, 'North America': 224, 'South America': 84}
[2026-08-06 22:00:01.172421] 开始添加学校...
[2026-08-06 22:00:01.208534] 添加了 0 所学校
添加前: {'Europe': 370, 'North America': 224, 'South America': 84}
添加后: {'Europe': 370, 'North America': 224, 'South America': 84}
[2026-08-06 23:00:01.104596] 开始添加学校...
[2026-08-06 23:00:01.138639] 添加了 0 所学校
添加前: {'Europe': 370, 'North America': 224, 'South America': 84}
添加后: {'Europe': 370, 'North America': 224, 'South America': 84}
[2026-08-08 09:00:00.498710] 开始添加学校...
[2026-08-08 09:00:00.535061] 添加了 0 所学校
添加前: {'Europe': 370, 'North America': 224, 'South America': 84}
添加后: {'Europe': 370, 'North America': 224, 'South America': 84}
[2026-08-08 10:00:01.132753] 开始添加学校...
[2026-08-08 10:00:01.197551] 添加了 0 所学校
添加前: {'Europe': 370, 'North America': 224, 'South America': 84}
添加后: {'Europe': 370, 'North America': 224, 'South America': 84}
[2026-08-08 12:00:00.983169] 开始添加学校...
[2026-08-08 12:00:01.020387] 添加了 0 所学校
添加前: {'Europe': 370, 'North America': 224, 'South America': 84}
添加后: {'Europe': 370, 'North America': 224, 'South America': 84}
[2026-08-08 13:00:00.765927] 开始添加学校...
[2026-08-08 13:00:00.802102] 添加了 0 所学校
添加前: {'Europe': 370, 'North America': 224, 'South America': 84}
添加后: {'Europe': 370, 'North America': 224, 'South America': 84}
[2026-08-08 14:00:00.640417] 开始添加学校...
[2026-08-08 14:00:00.676183] 添加了 0 所学校
添加前: {'Europe': 370, 'North America': 224, 'South America': 84}
添加后: {'Europe': 370, 'North America': 224, 'South America': 84}
[2026-08-08 15:00:00.184024] 开始添加学校...
[2026-08-08 15:00:00.220321] 添加了 0 所学校
添加前: {'Europe': 370, 'North America': 224, 'South America': 84}
添加后: {'Europe': 370, 'North America': 224, 'South America': 84}
[2026-08-08 16:00:00.574356] 开始添加学校...
[2026-08-08 16:00:00.613861] 添加了 0 所学校
添加前: {'Europe': 370, 'North America': 224, 'South America': 84}
添加后: {'Europe': 370, 'North America': 224, 'South America': 84}
[2026-08-08 17:00:00.385666] 开始添加学校...
[2026-08-08 17:00:00.503301] 添加了 0 所学校
添加前: {'Europe': 370, 'North America': 224, 'South America': 84}
添加后: {'Europe': 370, 'North America': 224, 'South America': 84}
[2026-08-08 18:00:00.213220] 开始添加学校...
[2026-08-08 18:00:00.248979] 添加了 0 所学校
添加前: {'Europe': 370, 'North America': 224, 'South America': 84}
添加后: {'Europe': 370, 'North America': 224, 'South America': 84}
[2026-08-08 19:00:00.176351] 开始添加学校...
[2026-08-08 19:00:00.213244] 添加了 0 所学校
添加前: {'Europe': 370, 'North America': 224, 'South America': 84}
添加后: {'Europe': 370, 'North America': 224, 'South America': 84}
[2026-08-08 22:00:09.803368] 开始添加学校...
[2026-08-08 22:00:09.839570] 添加了 0 所学校
添加前: {'Europe': 370, 'North America': 224, 'South America': 84}
添加后: {'Europe': 370, 'North America': 224, 'South America': 84}
[2026-08-12 11:00:00.978207] 开始添加学校...
[2026-08-12 11:00:01.015092] 添加了 0 所学校
添加前: {'Europe': 370, 'North America': 224, 'South America': 84}
添加后: {'Europe': 370, 'North America': 224, 'South America': 84}
[2026-08-12 12:00:00.937843] 开始添加学校...
[2026-08-12 12:00:00.973492] 添加了 0 所学校
添加前: {'Europe': 370, 'North America': 224, 'South America': 84}
添加后: {'Europe': 370, 'North America': 224, 'South America': 84}
[2026-08-12 13:00:00.333696] 开始添加学校...
[2026-08-12 13:00:00.368475] 添加了 0 所学校
添加前: {'Europe': 370, 'North America': 224, 'South America': 84}
添加后: {'Europe': 370, 'North America': 224, 'South America': 84}
[2026-08-12 14:00:01.052703] 开始添加学校...
[2026-08-12 14:00:01.089978] 添加了 0 所学校
添加前: {'Europe': 370, 'North America': 224, 'South America': 84}
添加后: {'Europe': 370, 'North America': 224, 'South America': 84}
[2026-08-12 15:00:01.137617] 开始添加学校...
[2026-08-12 15:00:01.175053] 添加了 0 所学校
添加前: {'Europe': 370, 'North America': 224, 'South America': 84}
添加后: {'Europe': 370, 'North America': 224, 'South America': 84}
[2026-08-12 17:00:00.605620] 开始添加学校...
[2026-08-12 17:00:00.643410] 添加了 0 所学校
添加前: {'Europe': 370, 'North America': 224, 'South America': 84}
添加后: {'Europe': 370, 'North America': 224, 'South America': 84}
[2026-08-12 19:00:00.404566] 开始添加学校...
[2026-08-12 19:00:00.441359] 添加了 0 所学校
添加前: {'Europe': 370, 'North America': 224, 'South America': 84}
添加后: {'Europe': 370, 'North America': 224, 'South America': 84}
[2026-08-12 20:00:00.622591] 开始添加学校...
[2026-08-12 20:00:00.656935] 添加了 0 所学校
添加前: {'Europe': 370, 'North America': 224, 'South America': 84}
添加后: {'Europe': 370, 'North America': 224, 'South America': 84}
[2026-08-12 21:00:00.729036] 开始添加学校...
[2026-08-12 21:00:00.800102] 添加了 0 所学校
添加前: {'Europe': 370, 'North America': 224, 'South America': 84}
添加后: {'Europe': 370, 'North America': 224, 'South America': 84}
[2026-08-13 06:00:00.610487] 开始添加学校...
[2026-08-13 06:00:00.648055] 添加了 0 所学校
添加前: {'Europe': 370, 'North America': 224, 'South America': 84}
添加后: {'Europe': 370, 'North America': 224, 'South America': 84}
[2026-08-13 22:00:00.824135] 开始添加学校...
[2026-08-13 22:00:00.838899] 添加了 0 所学校
添加前: {'Europe': 370, 'North America': 224, 'South America': 84}
添加后: {'Europe': 370, 'North America': 224, 'South America': 84}
[2026-08-13 23:00:00.271414] 开始添加学校...
[2026-08-13 23:00:00.307087] 添加了 0 所学校
添加前: {'Europe': 370, 'North America': 224, 'South America': 84}
添加后: {'Europe': 370, 'North America': 224, 'South America': 84}
[2026-08-15 12:00:00.332195] 开始添加学校...
[2026-08-15 12:00:00.369768] 添加了 0 所学校
添加前: {'Europe': 370, 'North America': 224, 'South America': 84}
添加后: {'Europe': 370, 'North America': 224, 'South America': 84}
[2026-08-15 13:00:01.102419] 开始添加学校...
[2026-08-15 13:00:01.142583] 添加了 0 所学校
添加前: {'Europe': 370, 'North America': 224, 'South America': 84}
添加后: {'Europe': 370, 'North America': 224, 'South America': 84}
[2026-08-15 14:00:00.587696] 开始添加学校...
[2026-08-15 14:00:00.623486] 添加了 0 所学校
添加前: {'Europe': 370, 'North America': 224, 'South America': 84}
添加后: {'Europe': 370, 'North America': 224, 'South America': 84}
[2026-08-15 15:00:01.049560] 开始添加学校...
[2026-08-15 15:00:01.085992] 添加了 0 所学校
添加前: {'Europe': 370, 'North America': 224, 'South America': 84}
添加后: {'Europe': 370, 'North America': 224, 'South America': 84}
[2026-08-15 16:00:00.848695] 开始添加学校...
[2026-08-15 16:00:00.884854] 添加了 0 所学校
添加前: {'Europe': 370, 'North America': 224, 'South America': 84}
添加后: {'Europe': 370, 'North America': 224, 'South America': 84}
[2026-08-15 17:00:00.517053] 开始添加学校...
[2026-08-15 17:00:00.552041] 添加了 0 所学校
添加前: {'Europe': 370, 'North America': 224, 'South America': 84}
添加后: {'Europe': 370, 'North America': 224, 'South America': 84}
[2026-08-15 18:00:01.141441] 开始添加学校...
[2026-08-15 18:00:01.176563] 添加了 0 所学校
添加前: {'Europe': 370, 'North America': 224, 'South America': 84}
添加后: {'Europe': 370, 'North America': 224, 'South America': 84}
[2026-08-15 19:00:01.140239] 开始添加学校...
[2026-08-15 19:00:01.178934] 添加了 0 所学校
添加前: {'Europe': 370, 'North America': 224, 'South America': 84}
添加后: {'Europe': 370, 'North America': 224, 'South America': 84}
[2026-08-15 20:00:00.630089] 开始添加学校...
[2026-08-15 20:00:00.668191] 添加了 0 所学校
添加前: {'Europe': 370, 'North America': 224, 'South America': 84}
添加后: {'Europe': 370, 'North America': 224, 'South America': 84}
[2026-08-15 21:00:00.207982] 开始添加学校...
[2026-08-15 21:00:00.245060] 添加了 0 所学校
添加前: {'Europe': 370, 'North America': 224, 'South America': 84}
添加后: {'Europe': 370, 'North America': 224, 'South America': 84}
[2026-08-15 22:00:00.361627] 开始添加学校...
[2026-08-15 22:00:00.397172] 添加了 0 所学校
添加前: {'Europe': 370, 'North America': 224, 'South America': 84}
添加后: {'Europe': 370, 'North America': 224, 'South America': 84}
[2026-08-15 23:00:00.358336] 开始添加学校...
[2026-08-15 23:00:00.395144] 添加了 0 所学校
添加前: {'Europe': 370, 'North America': 224, 'South America': 84}
添加后: {'Europe': 370, 'North America': 224, 'South America': 84}
[2026-08-16 19:00:00.403833] 开始添加学校...
[2026-08-16 19:00:00.440343] 添加了 0 所学校
添加前: {'Europe': 370, 'North America': 224, 'South America': 84}
添加后: {'Europe': 370, 'North America': 224, 'South America': 84}
[2026-08-16 20:00:00.891067] 开始添加学校...
[2026-08-16 20:00:00.926559] 添加了 0 所学校
添加前: {'Europe': 370, 'North America': 224, 'South America': 84}
添加后: {'Europe': 370, 'North America': 224, 'South America': 84}
[2026-08-17 06:00:00.298117] 开始添加学校...
[2026-08-17 06:00:00.334230] 添加了 0 所学校
添加前: {'Europe': 370, 'North America': 224, 'South America': 84}
添加后: {'Europe': 370, 'North America': 224, 'South America': 84}
[2026-08-17 08:01:25.395893] 开始添加学校...
[2026-08-17 08:01:25.430590] 添加了 0 所学校
添加前: {'Europe': 370, 'North America': 224, 'South America': 84}
添加后: {'Europe': 370, 'North America': 224, 'South America': 84}
[2026-08-17 09:00:00.315734] 开始添加学校...
[2026-08-17 09:00:00.350062] 添加了 0 所学校
添加前: {'Europe': 370, 'North America': 224, 'South America': 84}
添加后: {'Europe': 370, 'North America': 224, 'South America': 84}
[2026-08-17 10:00:00.430584] 开始添加学校...
[2026-08-17 10:00:00.467089] 添加了 0 所学校
添加前: {'Europe': 370, 'North America': 224, 'South America': 84}
添加后: {'Europe': 370, 'North America': 224, 'South America': 84}
[2026-08-17 12:03:33.100410] 开始添加学校...
[2026-08-17 12:03:33.133467] 添加了 0 所学校
添加前: {'Europe': 370, 'North America': 224, 'South America': 84}
添加后: {'Europe': 370, 'North America': 224, 'South America': 84}
[2026-08-17 15:00:00.341862] 开始添加学校...
[2026-08-17 15:00:00.377594] 添加了 0 所学校
添加前: {'Europe': 370, 'North America': 224, 'South America': 84}
添加后: {'Europe': 370, 'North America': 224, 'South America': 84}
[2026-08-17 16:00:00.658280] 开始添加学校...
[2026-08-17 16:00:00.692389] 添加了 0 所学校
添加前: {'Europe': 370, 'North America': 224, 'South America': 84}
添加后: {'Europe': 370, 'North America': 224, 'South America': 84}
[2026-08-17 18:00:00.909589] 开始添加学校...
[2026-08-17 18:00:00.946465] 添加了 0 所学校
添加前: {'Europe': 370, 'North America': 224, 'South America': 84}
添加后: {'Europe': 370, 'North America': 224, 'South America': 84}
[2026-08-17 19:00:00.160283] 开始添加学校...
[2026-08-17 19:00:00.196212] 添加了 0 所学校
添加前: {'Europe': 370, 'North America': 224, 'South America': 84}
添加后: {'Europe': 370, 'North America': 224, 'South America': 84}
[2026-08-18 01:00:01.113467] 开始添加学校...
[2026-08-18 01:00:01.146315] 添加了 0 所学校
添加前: {'Europe': 370, 'North America': 224, 'South America': 84}
添加后: {'Europe': 370, 'North America': 224, 'South America': 84}
[2026-08-18 02:00:00.605926] 开始添加学校...
[2026-08-18 02:00:00.641506] 添加了 0 所学校
添加前: {'Europe': 370, 'North America': 224, 'South America': 84}
添加后: {'Europe': 370, 'North America': 224, 'South America': 84}
[2026-08-18 10:00:00.801501] 开始添加学校...
[2026-08-18 10:00:00.838084] 添加了 0 所学校
添加前: {'Europe': 370, 'North America': 224, 'South America': 84}
添加后: {'Europe': 370, 'North America': 224, 'South America': 84}
[2026-08-18 11:00:00.266630] 开始添加学校...
[2026-08-18 11:00:00.302639] 添加了 0 所学校
添加前: {'Europe': 370, 'North America': 224, 'South America': 84}
添加后: {'Europe': 370, 'North America': 224, 'South America': 84}
[2026-08-18 12:00:00.427013] 开始添加学校...
[2026-08-18 12:00:00.462484] 添加了 0 所学校
添加前: {'Europe': 370, 'North America': 224, 'South America': 84}
添加后: {'Europe': 370, 'North America': 224, 'South America': 84}
[2026-08-18 19:00:00.858961] 开始添加学校...
[2026-08-18 19:00:00.900470] 添加了 0 所学校
添加前: {'Europe': 370, 'North America': 224, 'South America': 84}
添加后: {'Europe': 370, 'North America': 224, 'South America': 84}
[2026-08-19 09:00:01.073856] 开始添加学校...
[2026-08-19 09:00:01.111421] 添加了 0 所学校
添加前: {'Europe': 370, 'North America': 224, 'South America': 84}
添加后: {'Europe': 370, 'North America': 224, 'South America': 84}
[2026-08-19 10:00:00.630552] 开始添加学校...
[2026-08-19 10:00:00.671069] 添加了 0 所学校
添加前: {'Europe': 370, 'North America': 224, 'South America': 84}
添加后: {'Europe': 370, 'North America': 224, 'South America': 84}
[2026-08-19 22:00:01.182460] 开始添加学校...
[2026-08-19 22:00:01.259117] 添加了 0 所学校
添加前: {'Europe': 370, 'North America': 224, 'South America': 84}
添加后: {'Europe': 370, 'North America': 224, 'South America': 84}
[2026-08-20 03:00:46.076901] 开始添加学校...
[2026-08-20 03:00:46.114968] 添加了 0 所学校
添加前: {'Europe': 370, 'North America': 224, 'South America': 84}
添加后: {'Europe': 370, 'North America': 224, 'South America': 84}
[2026-08-20 04:00:00.916451] 开始添加学校...
[2026-08-20 04:00:00.950955] 添加了 0 所学校
添加前: {'Europe': 370, 'North America': 224, 'South America': 84}
添加后: {'Europe': 370, 'North America': 224, 'South America': 84}
[2026-08-20 05:00:36.055994] 开始添加学校...
[2026-08-20 05:00:36.069998] 添加了 0 所学校
添加前: {'Europe': 370, 'North America': 224, 'South America': 84}
添加后: {'Europe': 370, 'North America': 224, 'South America': 84}
[2026-08-20 06:02:03.804071] 开始添加学校...
[2026-08-20 06:02:03.837346] 添加了 0 所学校
添加前: {'Europe': 370, 'North America': 224, 'South America': 84}
添加后: {'Europe': 370, 'North America': 224, 'South America': 84}
[2026-08-20 07:03:08.019084] 开始添加学校...
[2026-08-20 07:03:08.053922] 添加了 0 所学校
添加前: {'Europe': 370, 'North America': 224, 'South America': 84}
添加后: {'Europe': 370, 'North America': 224, 'South America': 84}
[2026-08-20 09:00:00.342899] 开始添加学校...
[2026-08-20 09:00:00.384343] 添加了 0 所学校
添加前: {'Europe': 370, 'North America': 224, 'South America': 84}
添加后: {'Europe': 370, 'North America': 224, 'South America': 84}
[2026-08-20 11:00:29.962749] 开始添加学校...
[2026-08-20 11:00:30.000947] 添加了 0 所学校
添加前: {'Europe': 370, 'North America': 224, 'South America': 84}
添加后: {'Europe': 370, 'North America': 224, 'South America': 84}
[2026-08-20 13:00:00.920285] 开始添加学校...
[2026-08-20 13:00:00.955779] 添加了 0 所学校
添加前: {'Europe': 370, 'North America': 224, 'South America': 84}
添加后: {'Europe': 370, 'North America': 224, 'South America': 84}
[2026-08-20 14:01:05.922681] 开始添加学校...
[2026-08-20 14:01:05.957181] 添加了 0 所学校
添加前: {'Europe': 370, 'North America': 224, 'South America': 84}
添加后: {'Europe': 370, 'North America': 224, 'South America': 84}
[2026-08-20 20:00:07.915673] 开始添加学校...
[2026-08-20 20:00:07.951210] 添加了 0 所学校
添加前: {'Europe': 370, 'North America': 224, 'South America': 84}
添加后: {'Europe': 370, 'North America': 224, 'South America': 84}
[2026-08-21 18:00:00.369365] 开始添加学校...
[2026-08-21 18:00:00.407528] 添加了 0 所学校
添加前: {'Europe': 370, 'North America': 224, 'South America': 84}
添加后: {'Europe': 370, 'North America': 224, 'South America': 84}
[2026-08-21 20:00:00.995085] 开始添加学校...
[2026-08-21 20:00:01.030748] 添加了 0 所学校
添加前: {'Europe': 370, 'North America': 224, 'South America': 84}
添加后: {'Europe': 370, 'North America': 224, 'South America': 84}
[2026-08-22 06:00:00.794324] 开始添加学校...
[2026-08-22 06:00:00.829322] 添加了 0 所学校
添加前: {'Europe': 370, 'North America': 224, 'South America': 84}
添加后: {'Europe': 370, 'North America': 224, 'South America': 84}
[2026-08-22 07:00:00.597248] 开始添加学校...
[2026-08-22 07:00:00.613368] 添加了 0 所学校
添加前: {'Europe': 370, 'North America': 224, 'South America': 84}
添加后: {'Europe': 370, 'North America': 224, 'South America': 84}
[2026-08-22 08:00:00.372820] 开始添加学校...
[2026-08-22 08:00:00.387240] 添加了 0 所学校
添加前: {'Europe': 370, 'North America': 224, 'South America': 84}
添加后: {'Europe': 370, 'North America': 224, 'South America': 84}
[2026-08-22 09:00:01.168883] 开始添加学校...
[2026-08-22 09:00:01.231328] 添加了 0 所学校
添加前: {'Europe': 370, 'North America': 224, 'South America': 84}
添加后: {'Europe': 370, 'North America': 224, 'South America': 84}
[2026-08-22 10:00:00.885675] 开始添加学校...
[2026-08-22 10:00:00.921054] 添加了 0 所学校
添加前: {'Europe': 370, 'North America': 224, 'South America': 84}
添加后: {'Europe': 370, 'North America': 224, 'South America': 84}
[2026-08-22 11:00:00.322228] 开始添加学校...
[2026-08-22 11:00:00.336807] 添加了 0 所学校
添加前: {'Europe': 370, 'North America': 224, 'South America': 84}
添加后: {'Europe': 370, 'North America': 224, 'South America': 84}
[2026-08-22 12:00:00.619648] 开始添加学校...
[2026-08-22 12:00:00.657176] 添加了 0 所学校
添加前: {'Europe': 370, 'North America': 224, 'South America': 84}
添加后: {'Europe': 370, 'North America': 224, 'South America': 84}
[2026-08-22 16:00:00.580703] 开始添加学校...
[2026-08-22 16:00:00.620465] 添加了 0 所学校
添加前: {'Europe': 370, 'North America': 224, 'South America': 84}
添加后: {'Europe': 370, 'North America': 224, 'South America': 84}
[2026-08-22 20:00:01.145595] 开始添加学校...
[2026-08-22 20:00:01.206157] 添加了 0 所学校
添加前: {'Europe': 370, 'North America': 224, 'South America': 84}
添加后: {'Europe': 370, 'North America': 224, 'South America': 84}
[2026-08-22 22:00:03.209436] 开始添加学校...
[2026-08-22 22:00:03.250300] 添加了 0 所学校
添加前: {'Europe': 370, 'North America': 224, 'South America': 84}
添加后: {'Europe': 370, 'North America': 224, 'South America': 84}
[2026-08-22 23:00:43.321624] 开始添加学校...
[2026-08-22 23:00:43.356839] 添加了 0 所学校
添加前: {'Europe': 370, 'North America': 224, 'South America': 84}
添加后: {'Europe': 370, 'North America': 224, 'South America': 84}
[2026-08-23 00:00:01.106415] 开始添加学校...
[2026-08-23 00:00:01.141297] 添加了 0 所学校
添加前: {'Europe': 370, 'North America': 224, 'South America': 84}
添加后: {'Europe': 370, 'North America': 224, 'South America': 84}
[2026-08-23 05:00:25.607185] 开始添加学校...
[2026-08-23 05:00:25.642356] 添加了 0 所学校
添加前: {'Europe': 370, 'North America': 224, 'South America': 84}
添加后: {'Europe': 370, 'North America': 224, 'South America': 84}
[2026-08-23 06:00:00.991995] 开始添加学校...
[2026-08-23 06:00:01.058667] 添加了 0 所学校
添加前: {'Europe': 370, 'North America': 224, 'South America': 84}
添加后: {'Europe': 370, 'North America': 224, 'South America': 84}
[2026-08-23 07:00:01.743912] 开始添加学校...
[2026-08-23 07:00:01.782978] 添加了 0 所学校
添加前: {'Europe': 370, 'North America': 224, 'South America': 84}
添加后: {'Europe': 370, 'North America': 224, 'South America': 84}
[2026-08-23 08:00:50.098303] 开始添加学校...
[2026-08-23 08:00:50.131594] 添加了 0 所学校
添加前: {'Europe': 370, 'North America': 224, 'South America': 84}
添加后: {'Europe': 370, 'North America': 224, 'South America': 84}
[2026-08-24 12:00:00.870907] 开始添加学校...
[2026-08-24 12:00:00.907785] 添加了 0 所学校
添加前: {'Europe': 370, 'North America': 224, 'South America': 84}
添加后: {'Europe': 370, 'North America': 224, 'South America': 84}
[2026-08-24 15:00:00.540334] 开始添加学校...
[2026-08-24 15:00:00.574155] 添加了 0 所学校
添加前: {'Europe': 370, 'North America': 224, 'South America': 84}
添加后: {'Europe': 370, 'North America': 224, 'South America': 84}
[2026-08-24 16:00:01.087614] 开始添加学校...
[2026-08-24 16:00:01.124638] 添加了 0 所学校
添加前: {'Europe': 370, 'North America': 224, 'South America': 84}
添加后: {'Europe': 370, 'North America': 224, 'South America': 84}
[2026-08-24 18:00:00.995379] 开始添加学校...
[2026-08-24 18:00:01.033426] 添加了 0 所学校
添加前: {'Europe': 370, 'North America': 224, 'South America': 84}
添加后: {'Europe': 370, 'North America': 224, 'South America': 84}
[2026-08-24 19:00:00.296168] 开始添加学校...
[2026-08-24 19:00:00.335243] 添加了 0 所学校
添加前: {'Europe': 370, 'North America': 224, 'South America': 84}
添加后: {'Europe': 370, 'North America': 224, 'South America': 84}
[2026-08-24 20:00:00.606722] 开始添加学校...
[2026-08-24 20:00:00.649890] 添加了 0 所学校
添加前: {'Europe': 370, 'North America': 224, 'South America': 84}
添加后: {'Europe': 370, 'North America': 224, 'South America': 84}
[2026-08-24 21:00:00.939243] 开始添加学校...
[2026-08-24 21:00:00.975219] 添加了 0 所学校
添加前: {'Europe': 370, 'North America': 224, 'South America': 84}
添加后: {'Europe': 370, 'North America': 224, 'South America': 84}
[2026-08-24 22:00:00.406380] 开始添加学校...
[2026-08-24 22:00:00.444433] 添加了 0 所学校
添加前: {'Europe': 370, 'North America': 224, 'South America': 84}
添加后: {'Europe': 370, 'North America': 224, 'South America': 84}
[2026-08-25 19:00:01.150793] 开始添加学校...
[2026-08-25 19:00:01.191596] 添加了 0 所学校
添加前: {'Europe': 370, 'North America': 224, 'South America': 84}
添加后: {'Europe': 370, 'North America': 224, 'South America': 84}
[2026-08-25 20:00:00.245126] 开始添加学校...
[2026-08-25 20:00:00.309371] 添加了 0 所学校
添加前: {'Europe': 370, 'North America': 224, 'South America': 84}
添加后: {'Europe': 370, 'North America': 224, 'South America': 84}
[2026-08-26 15:00:00.432289] 开始添加学校...
[2026-08-26 15:00:00.468176] 添加了 0 所学校
添加前: {'Europe': 370, 'North America': 224, 'South America': 84}
添加后: {'Europe': 370, 'North America': 224, 'South America': 84}
[2026-08-26 16:00:00.722319] 开始添加学校...
[2026-08-26 16:00:00.757656] 添加了 0 所学校
添加前: {'Europe': 370, 'North America': 224, 'South America': 84}
添加后: {'Europe': 370, 'North America': 224, 'South America': 84}
[2026-08-26 17:02:09.724591] 开始添加学校...
[2026-08-26 17:02:09.759298] 添加了 0 所学校
添加前: {'Europe': 370, 'North America': 224, 'South America': 84}
添加后: {'Europe': 370, 'North America': 224, 'South America': 84}
[2026-08-26 18:03:28.204498] 开始添加学校...
[2026-08-26 18:03:28.239594] 添加了 0 所学校
添加前: {'Europe': 370, 'North America': 224, 'South America': 84}
添加后: {'Europe': 370, 'North America': 224, 'South America': 84}
[2026-08-26 19:00:29.617800] 开始添加学校...
[2026-08-26 19:00:29.677702] 添加了 0 所学校
添加前: {'Europe': 370, 'North America': 224, 'South America': 84}
添加后: {'Europe': 370, 'North America': 224, 'South America': 84}
[2026-08-26 21:02:53.891287] 开始添加学校...
[2026-08-26 21:02:53.923812] 添加了 0 所学校
添加前: {'Europe': 370, 'North America': 224, 'South America': 84}
添加后: {'Europe': 370, 'North America': 224, 'South America': 84}
[2026-08-26 22:00:00.322934] 开始添加学校...
[2026-08-26 22:00:00.335403] 添加了 0 所学校
添加前: {'Europe': 370, 'North America': 224, 'South America': 84}
添加后: {'Europe': 370, 'North America': 224, 'South America': 84}
[2026-08-27 00:00:00.420638] 开始添加学校...
[2026-08-27 00:00:00.458203] 添加了 0 所学校
添加前: {'Europe': 370, 'North America': 224, 'South America': 84}
添加后: {'Europe': 370, 'North America': 224, 'South America': 84}
[2026-08-27 01:00:00.431711] 开始添加学校...
[2026-08-27 01:00:00.492080] 添加了 0 所学校
添加前: {'Europe': 370, 'North America': 224, 'South America': 84}
添加后: {'Europe': 370, 'North America': 224, 'South America': 84}
[2026-08-27 02:00:01.101984] 开始添加学校...
[2026-08-27 02:00:01.136824] 添加了 0 所学校
添加前: {'Europe': 370, 'North America': 224, 'South America': 84}
添加后: {'Europe': 370, 'North America': 224, 'South America': 84}
[2026-08-27 03:00:01.046759] 开始添加学校...
[2026-08-27 03:00:01.109524] 添加了 0 所学校
添加前: {'Europe': 370, 'North America': 224, 'South America': 84}
添加后: {'Europe': 370, 'North America': 224, 'South America': 84}
[2026-08-27 06:00:00.744491] 开始添加学校...
[2026-08-27 06:00:00.778121] 添加了 0 所学校
添加前: {'Europe': 370, 'North America': 224, 'South America': 84}
添加后: {'Europe': 370, 'North America': 224, 'South America': 84}
[2026-08-27 07:00:00.812906] 开始添加学校...
[2026-08-27 07:00:00.846648] 添加了 0 所学校
添加前: {'Europe': 370, 'North America': 224, 'South America': 84}
添加后: {'Europe': 370, 'North America': 224, 'South America': 84}
[2026-08-27 08:00:39.791748] 开始添加学校...
[2026-08-27 08:00:39.832805] 添加了 0 所学校
添加前: {'Europe': 370, 'North America': 224, 'South America': 84}
添加后: {'Europe': 370, 'North America': 224, 'South America': 84}
[2026-08-27 09:00:29.585416] 开始添加学校...
[2026-08-27 09:00:29.617381] 添加了 0 所学校
添加前: {'Europe': 370, 'North America': 224, 'South America': 84}
添加后: {'Europe': 370, 'North America': 224, 'South America': 84}
[2026-08-27 10:00:00.851204] 开始添加学校...
[2026-08-27 10:00:00.884081] 添加了 0 所学校
添加前: {'Europe': 370, 'North America': 224, 'South America': 84}
添加后: {'Europe': 370, 'North America': 224, 'South America': 84}
[2026-08-27 11:00:00.850024] 开始添加学校...
[2026-08-27 11:00:00.888716] 添加了 0 所学校
添加前: {'Europe': 370, 'North America': 224, 'South America': 84}
添加后: {'Europe': 370, 'North America': 224, 'South America': 84}
[2026-08-27 12:00:00.689250] 开始添加学校...
[2026-08-27 12:00:00.724786] 添加了 0 所学校
添加前: {'Europe': 370, 'North America': 224, 'South America': 84}
添加后: {'Europe': 370, 'North America': 224, 'South America': 84}
[2026-08-27 13:00:01.047779] 开始添加学校...
[2026-08-27 13:00:01.084417] 添加了 0 所学校
添加前: {'Europe': 370, 'North America': 224, 'South America': 84}
添加后: {'Europe': 370, 'North America': 224, 'South America': 84}
[2026-08-27 14:00:00.151769] 开始添加学校...
[2026-08-27 14:00:00.186690] 添加了 0 所学校
添加前: {'Europe': 370, 'North America': 224, 'South America': 84}
添加后: {'Europe': 370, 'North America': 224, 'South America': 84}
[2026-08-27 15:00:00.276660] 开始添加学校...
[2026-08-27 15:00:00.310135] 添加了 0 所学校
添加前: {'Europe': 370, 'North America': 224, 'South America': 84}
添加后: {'Europe': 370, 'North America': 224, 'South America': 84}
[2026-08-27 16:00:00.547336] 开始添加学校...
[2026-08-27 16:00:00.587656] 添加了 0 所学校
添加前: {'Europe': 370, 'North America': 224, 'South America': 84}
添加后: {'Europe': 370, 'North America': 224, 'South America': 84}
[2026-08-27 17:00:34.209668] 开始添加学校...
[2026-08-27 17:00:34.247049] 添加了 0 所学校
添加前: {'Europe': 370, 'North America': 224, 'South America': 84}
添加后: {'Europe': 370, 'North America': 224, 'South America': 84}
[2026-08-27 18:00:00.982902] 开始添加学校...
[2026-08-27 18:00:01.021962] 添加了 0 所学校
添加前: {'Europe': 370, 'North America': 224, 'South America': 84}
添加后: {'Europe': 370, 'North America': 224, 'South America': 84}
[2026-08-27 19:05:38.771787] 开始添加学校...
[2026-08-27 19:05:38.822021] 添加了 0 所学校
添加前: {'Europe': 370, 'North America': 224, 'South America': 84}
添加后: {'Europe': 370, 'North America': 224, 'South America': 84}
[2026-08-27 20:00:01.145548] 开始添加学校...
[2026-08-27 20:00:01.182486] 添加了 0 所学校
添加前: {'Europe': 370, 'North America': 224, 'South America': 84}
添加后: {'Europe': 370, 'North America': 224, 'South America': 84}
[2026-08-27 21:00:00.823636] 开始添加学校...
[2026-08-27 21:00:00.860586] 添加了 0 所学校
添加前: {'Europe': 370, 'North America': 224, 'South America': 84}
添加后: {'Europe': 370, 'North America': 224, 'South America': 84}
[2026-08-27 22:00:01.017138] 开始添加学校...
[2026-08-27 22:00:01.053791] 添加了 0 所学校
添加前: {'Europe': 370, 'North America': 224, 'South America': 84}
添加后: {'Europe': 370, 'North America': 224, 'South America': 84}
[2026-08-27 23:00:00.451667] 开始添加学校...
[2026-08-27 23:00:00.490746] 添加了 0 所学校
添加前: {'Europe': 370, 'North America': 224, 'South America': 84}
添加后: {'Europe': 370, 'North America': 224, 'South America': 84}
[2026-08-28 00:00:01.169879] 开始添加学校...
[2026-08-28 00:00:01.213640] 添加了 0 所学校
添加前: {'Europe': 370, 'North America': 224, 'South America': 84}
添加后: {'Europe': 370, 'North America': 224, 'South America': 84}
[2026-08-28 01:00:00.556163] 开始添加学校...
[2026-08-28 01:00:00.593791] 添加了 0 所学校
添加前: {'Europe': 370, 'North America': 224, 'South America': 84}
添加后: {'Europe': 370, 'North America': 224, 'South America': 84}
[2026-08-28 02:00:01.101033] 开始添加学校...
[2026-08-28 02:00:01.140510] 添加了 0 所学校
添加前: {'Europe': 370, 'North America': 224, 'South America': 84}
添加后: {'Europe': 370, 'North America': 224, 'South America': 84}
[2026-08-28 03:00:00.748951] 开始添加学校...
[2026-08-28 03:00:00.791262] 添加了 0 所学校
添加前: {'Europe': 370, 'North America': 224, 'South America': 84}
添加后: {'Europe': 370, 'North America': 224, 'South America': 84}
[2026-08-28 04:00:00.950303] 开始添加学校...
[2026-08-28 04:00:00.967425] 添加了 0 所学校
添加前: {'Europe': 370, 'North America': 224, 'South America': 84}
添加后: {'Europe': 370, 'North America': 224, 'South America': 84}
[2026-08-28 05:00:00.475239] 开始添加学校...
[2026-08-28 05:00:00.495145] 添加了 0 所学校
添加前: {'Europe': 370, 'North America': 224, 'South America': 84}
添加后: {'Europe': 370, 'North America': 224, 'South America': 84}
[2026-08-28 06:00:01.116654] 开始添加学校...
[2026-08-28 06:00:01.133909] 添加了 0 所学校
添加前: {'Europe': 370, 'North America': 224, 'South America': 84}
添加后: {'Europe': 370, 'North America': 224, 'South America': 84}
[2026-08-28 07:00:00.466550] 开始添加学校...
[2026-08-28 07:00:00.505641] 添加了 0 所学校
添加前: {'Europe': 370, 'North America': 224, 'South America': 84}
添加后: {'Europe': 370, 'North America': 224, 'South America': 84}
[2026-08-28 08:00:01.120051] 开始添加学校...
[2026-08-28 08:00:01.158482] 添加了 0 所学校
添加前: {'Europe': 370, 'North America': 224, 'South America': 84}
添加后: {'Europe': 370, 'North America': 224, 'South America': 84}
[2026-08-28 09:00:00.421564] 开始添加学校...
[2026-08-28 09:00:00.459338] 添加了 0 所学校
添加前: {'Europe': 370, 'North America': 224, 'South America': 84}
添加后: {'Europe': 370, 'North America': 224, 'South America': 84}
[2026-08-28 10:02:31.553774] 开始添加学校...
[2026-08-28 10:02:31.590975] 添加了 0 所学校
添加前: {'Europe': 370, 'North America': 224, 'South America': 84}
添加后: {'Europe': 370, 'North America': 224, 'South America': 84}
[2026-08-28 12:00:00.540044] 开始添加学校...
[2026-08-28 12:00:00.580332] 添加了 0 所学校
添加前: {'Europe': 370, 'North America': 224, 'South America': 84}
添加后: {'Europe': 370, 'North America': 224, 'South America': 84}
[2026-08-28 13:00:00.137863] 开始添加学校...
[2026-08-28 13:00:00.154409] 添加了 0 所学校
添加前: {'Europe': 370, 'North America': 224, 'South America': 84}
添加后: {'Europe': 370, 'North America': 224, 'South America': 84}
[2026-08-28 14:04:59.440224] 开始添加学校...
[2026-08-28 14:04:59.480574] 添加了 0 所学校
添加前: {'Europe': 370, 'North America': 224, 'South America': 84}
添加后: {'Europe': 370, 'North America': 224, 'South America': 84}
[2026-08-28 15:00:00.886565] 开始添加学校...
[2026-08-28 15:00:00.923338] 添加了 0 所学校
添加前: {'Europe': 370, 'North America': 224, 'South America': 84}
添加后: {'Europe': 370, 'North America': 224, 'South America': 84}
[2026-08-28 16:00:32.359276] 开始添加学校...
[2026-08-28 16:00:32.399494] 添加了 0 所学校
添加前: {'Europe': 370, 'North America': 224, 'South America': 84}
添加后: {'Europe': 370, 'North America': 224, 'South America': 84}
[2026-08-28 17:00:00.842378] 开始添加学校...
[2026-08-28 17:00:00.878746] 添加了 0 所学校
添加前: {'Europe': 370, 'North America': 224, 'South America': 84}
添加后: {'Europe': 370, 'North America': 224, 'South America': 84}
[2026-08-28 18:00:00.372838] 开始添加学校...
[2026-08-28 18:00:00.409656] 添加了 0 所学校
添加前: {'Europe': 370, 'North America': 224, 'South America': 84}
添加后: {'Europe': 370, 'North America': 224, 'South America': 84}
[2026-08-28 19:00:00.472121] 开始添加学校...
[2026-08-28 19:00:00.510837] 添加了 0 所学校
添加前: {'Europe': 370, 'North America': 224, 'South America': 84}
添加后: {'Europe': 370, 'North America': 224, 'South America': 84}
[2026-08-28 20:00:00.748032] 开始添加学校...
[2026-08-28 20:00:00.778988] 添加了 0 所学校
添加前: {'Europe': 370, 'North America': 224, 'South America': 84}
添加后: {'Europe': 370, 'North America': 224, 'South America': 84}
[2026-08-28 22:00:34.267092] 开始添加学校...
[2026-08-28 22:00:34.301706] 添加了 0 所学校
添加前: {'Europe': 370, 'North America': 224, 'South America': 84}
添加后: {'Europe': 370, 'North America': 224, 'South America': 84}
[2026-08-29 01:00:10.776171] 开始添加学校...
[2026-08-29 01:00:10.807339] 添加了 0 所学校
添加前: {'Europe': 370, 'North America': 224, 'South America': 84}
添加后: {'Europe': 370, 'North America': 224, 'South America': 84}
[2026-08-29 02:00:00.814930] 开始添加学校...
[2026-08-29 02:00:00.847247] 添加了 0 所学校
添加前: {'Europe': 370, 'North America': 224, 'South America': 84}
添加后: {'Europe': 370, 'North America': 224, 'South America': 84}
[2026-08-29 08:06:16.809186] 开始添加学校...
[2026-08-29 08:06:16.841881] 添加了 0 所学校
添加前: {'Europe': 370, 'North America': 224, 'South America': 84}
添加后: {'Europe': 370, 'North America': 224, 'South America': 84}
[2026-08-29 09:00:00.543649] 开始添加学校...
[2026-08-29 09:00:00.576925] 添加了 0 所学校
添加前: {'Europe': 370, 'North America': 224, 'South America': 84}
添加后: {'Europe': 370, 'North America': 224, 'South America': 84}
[2026-08-29 11:00:00.943185] 开始添加学校...
[2026-08-29 11:00:00.981085] 添加了 0 所学校
添加前: {'Europe': 370, 'North America': 224, 'South America': 84}
添加后: {'Europe': 370, 'North America': 224, 'South America': 84}
[2026-08-29 12:04:27.369564] 开始添加学校...
[2026-08-29 12:04:27.401451] 添加了 0 所学校
添加前: {'Europe': 370, 'North America': 224, 'South America': 84}
添加后: {'Europe': 370, 'North America': 224, 'South America': 84}
[2026-08-29 13:00:00.615757] 开始添加学校...
[2026-08-29 13:00:00.650699] 添加了 0 所学校
添加前: {'Europe': 370, 'North America': 224, 'South America': 84}
添加后: {'Europe': 370, 'North America': 224, 'South America': 84}
[2026-08-29 14:00:00.534000] 开始添加学校...
[2026-08-29 14:00:00.569522] 添加了 0 所学校
添加前: {'Europe': 370, 'North America': 224, 'South America': 84}
添加后: {'Europe': 370, 'North America': 224, 'South America': 84}
[2026-08-29 15:00:33.421473] 开始添加学校...
[2026-08-29 15:00:33.454144] 添加了 0 所学校
添加前: {'Europe': 370, 'North America': 224, 'South America': 84}
添加后: {'Europe': 370, 'North America': 224, 'South America': 84}
[2026-08-29 16:01:41.161010] 开始添加学校...
[2026-08-29 16:01:41.193243] 添加了 0 所学校
添加前: {'Europe': 370, 'North America': 224, 'South America': 84}
添加后: {'Europe': 370, 'North America': 224, 'South America': 84}
[2026-08-29 17:00:26.393889] 开始添加学校...
[2026-08-29 17:00:26.426394] 添加了 0 所学校
添加前: {'Europe': 370, 'North America': 224, 'South America': 84}
添加后: {'Europe': 370, 'North America': 224, 'South America': 84}
[2026-08-29 19:00:00.322214] 开始添加学校...
[2026-08-29 19:00:00.358813] 添加了 0 所学校
添加前: {'Europe': 370, 'North America': 224, 'South America': 84}
添加后: {'Europe': 370, 'North America': 224, 'South America': 84}
[2026-08-29 21:08:53.123341] 开始添加学校...
[2026-08-29 21:08:53.160748] 添加了 0 所学校
添加前: {'Europe': 370, 'North America': 224, 'South America': 84}
添加后: {'Europe': 370, 'North America': 224, 'South America': 84}
[2026-08-31 20:00:00.980354] 开始添加学校...
[2026-08-31 20:00:01.014348] 添加了 0 所学校
添加前: {'Europe': 370, 'North America': 224, 'South America': 84}
添加后: {'Europe': 370, 'North America': 224, 'South America': 84}
[2026-08-31 21:04:59.854836] 开始添加学校...
[2026-08-31 21:04:59.888295] 添加了 0 所学校
添加前: {'Europe': 370, 'North America': 224, 'South America': 84}
添加后: {'Europe': 370, 'North America': 224, 'South America': 84}
[2026-08-31 22:00:24.795850] 开始添加学校...
[2026-08-31 22:00:24.828328] 添加了 0 所学校
添加前: {'Europe': 370, 'North America': 224, 'South America': 84}
添加后: {'Europe': 370, 'North America': 224, 'South America': 84}
[2026-09-01 07:02:07.357446] 开始添加学校...
[2026-09-01 07:02:07.392633] 添加了 0 所学校
添加前: {'Europe': 370, 'North America': 224, 'South America': 84}
添加后: {'Europe': 370, 'North America': 224, 'South America': 84}
[2026-09-01 09:00:25.356256] 开始添加学校...
[2026-09-01 09:00:25.389863] 添加了 0 所学校
添加前: {'Europe': 370, 'North America': 224, 'South America': 84}
添加后: {'Europe': 370, 'North America': 224, 'South America': 84}
[2026-09-01 10:03:47.557237] 开始添加学校...
[2026-09-01 10:03:47.590961] 添加了 0 所学校
添加前: {'Europe': 370, 'North America': 224, 'South America': 84}
添加后: {'Europe': 370, 'North America': 224, 'South America': 84}
[2026-09-01 20:00:00.683264] 开始添加学校...
[2026-09-01 20:00:00.718708] 添加了 0 所学校
添加前: {'Europe': 370, 'North America': 224, 'South America': 84}
添加后: {'Europe': 370, 'North America': 224, 'South America': 84}
[2026-09-01 21:00:00.951579] 开始添加学校...
[2026-09-01 21:00:00.987399] 添加了 0 所学校
添加前: {'Europe': 370, 'North America': 224, 'South America': 84}
添加后: {'Europe': 370, 'North America': 224, 'South America': 84}
[2026-09-01 23:05:01.613151] 开始添加学校...
[2026-09-01 23:05:01.647368] 添加了 0 所学校
添加前: {'Europe': 370, 'North America': 224, 'South America': 84}
添加后: {'Europe': 370, 'North America': 224, 'South America': 84}
[2026-09-02 04:01:14.026954] 开始添加学校...
[2026-09-02 04:01:14.061894] 添加了 0 所学校
添加前: {'Europe': 370, 'North America': 224, 'South America': 84}
添加后: {'Europe': 370, 'North America': 224, 'South America': 84}
[2026-09-02 05:00:00.536675] 开始添加学校...
[2026-09-02 05:00:00.570331] 添加了 0 所学校
添加前: {'Europe': 370, 'North America': 224, 'South America': 84}
添加后: {'Europe': 370, 'North America': 224, 'South America': 84}
[2026-09-02 06:00:00.359740] 开始添加学校...
[2026-09-02 06:00:00.374427] 添加了 0 所学校
添加前: {'Europe': 370, 'North America': 224, 'South America': 84}
添加后: {'Europe': 370, 'North America': 224, 'South America': 84}
[2026-09-02 08:01:05.638617] 开始添加学校...
[2026-09-02 08:01:05.674426] 添加了 0 所学校
添加前: {'Europe': 370, 'North America': 224, 'South America': 84}
添加后: {'Europe': 370, 'North America': 224, 'South America': 84}
[2026-09-02 14:00:00.686787] 开始添加学校...
[2026-09-02 14:00:00.699409] 添加了 0 所学校
添加前: {'Europe': 370, 'North America': 224, 'South America': 84}
添加后: {'Europe': 370, 'North America': 224, 'South America': 84}
[2026-09-02 16:00:00.517108] 开始添加学校...
[2026-09-02 16:00:00.550941] 添加了 0 所学校
添加前: {'Europe': 370, 'North America': 224, 'South America': 84}
添加后: {'Europe': 370, 'North America': 224, 'South America': 84}
[2026-09-02 19:04:07.796406] 开始添加学校...
[2026-09-02 19:04:07.829420] 添加了 0 所学校
添加前: {'Europe': 370, 'North America': 224, 'South America': 84}
添加后: {'Europe': 370, 'North America': 224, 'South America': 84}
[2026-09-02 22:00:46.639339] 开始添加学校...
[2026-09-02 22:00:46.757108] 添加了 0 所学校
添加前: {'Europe': 370, 'North America': 224, 'South America': 84}
添加后: {'Europe': 370, 'North America': 224, 'South America': 84}
[2026-09-03 06:00:50.254891] 开始添加学校...
[2026-09-03 06:00:50.290448] 添加了 0 所学校
添加前: {'Europe': 370, 'North America': 224, 'South America': 84}
添加后: {'Europe': 370, 'North America': 224, 'South America': 84}
[2026-09-03 08:01:44.375091] 开始添加学校...
[2026-09-03 08:01:44.408438] 添加了 0 所学校
添加前: {'Europe': 370, 'North America': 224, 'South America': 84}
添加后: {'Europe': 370, 'North America': 224, 'South America': 84}
[2026-09-03 09:00:56.659261] 开始添加学校...
[2026-09-03 09:00:56.692917] 添加了 0 所学校
添加前: {'Europe': 370, 'North America': 224, 'South America': 84}
添加后: {'Europe': 370, 'North America': 224, 'South America': 84}
[2026-09-03 10:00:39.106245] 开始添加学校...
[2026-09-03 10:00:39.139702] 添加了 0 所学校
添加前: {'Europe': 370, 'North America': 224, 'South America': 84}
添加后: {'Europe': 370, 'North America': 224, 'South America': 84}
[2026-09-03 11:00:25.735945] 开始添加学校...
[2026-09-03 11:00:25.769879] 添加了 0 所学校
添加前: {'Europe': 370, 'North America': 224, 'South America': 84}
添加后: {'Europe': 370, 'North America': 224, 'South America': 84}
[2026-09-03 12:00:13.772593] 开始添加学校...
[2026-09-03 12:00:13.806147] 添加了 0 所学校
添加前: {'Europe': 370, 'North America': 224, 'South America': 84}
添加后: {'Europe': 370, 'North America': 224, 'South America': 84}
[2026-09-03 14:00:13.825941] 开始添加学校...
[2026-09-03 14:00:13.859398] 添加了 0 所学校
添加前: {'Europe': 370, 'North America': 224, 'South America': 84}
添加后: {'Europe': 370, 'North America': 224, 'South America': 84}
[2026-09-03 16:00:49.430819] 开始添加学校...
[2026-09-03 16:00:49.466138] 添加了 0 所学校
添加前: {'Europe': 370, 'North America': 224, 'South America': 84}
添加后: {'Europe': 370, 'North America': 224, 'South America': 84}
[2026-09-03 21:00:00.207981] 开始添加学校...
[2026-09-03 21:00:00.246205] 添加了 0 所学校
添加前: {'Europe': 370, 'North America': 224, 'South America': 84}
添加后: {'Europe': 370, 'North America': 224, 'South America': 84}
[2026-09-03 22:04:00.152506] 开始添加学校...
[2026-09-03 22:04:00.212561] 添加了 0 所学校
添加前: {'Europe': 370, 'North America': 224, 'South America': 84}
添加后: {'Europe': 370, 'North America': 224, 'South America': 84}
[2026-09-04 02:00:01.136389] 开始添加学校...
[2026-09-04 02:00:01.169813] 添加了 0 所学校
添加前: {'Europe': 370, 'North America': 224, 'South America': 84}
添加后: {'Europe': 370, 'North America': 224, 'South America': 84}
[2026-09-04 05:00:00.124214] 开始添加学校...
[2026-09-04 05:00:00.165102] 添加了 0 所学校
添加前: {'Europe': 370, 'North America': 224, 'South America': 84}
添加后: {'Europe': 370, 'North America': 224, 'South America': 84}
[2026-09-04 07:00:27.085547] 开始添加学校...
[2026-09-04 07:00:27.118878] 添加了 0 所学校
添加前: {'Europe': 370, 'North America': 224, 'South America': 84}
添加后: {'Europe': 370, 'North America': 224, 'South America': 84}
[2026-09-04 10:00:00.950537] 开始添加学校...
[2026-09-04 10:00:00.982613] 添加了 0 所学校
添加前: {'Europe': 370, 'North America': 224, 'South America': 84}
添加后: {'Europe': 370, 'North America': 224, 'South America': 84}
[2026-09-04 20:00:00.332683] 开始添加学校...
[2026-09-04 20:00:00.382480] 添加了 0 所学校
添加前: {'Europe': 370, 'North America': 224, 'South America': 84}
添加后: {'Europe': 370, 'North America': 224, 'South America': 84}
[2026-09-04 21:00:00.869701] 开始添加学校...
[2026-09-04 21:00:00.906707] 添加了 0 所学校
添加前: {'Europe': 370, 'North America': 224, 'South America': 84}
添加后: {'Europe': 370, 'North America': 224, 'South America': 84}
[2026-09-04 22:00:00.327595] 开始添加学校...
[2026-09-04 22:00:00.342624] 添加了 0 所学校
添加前: {'Europe': 370, 'North America': 224, 'South America': 84}
添加后: {'Europe': 370, 'North America': 224, 'South America': 84}
[2026-09-04 23:00:00.303522] 开始添加学校...
[2026-09-04 23:00:00.337626] 添加了 0 所学校
添加前: {'Europe': 370, 'North America': 224, 'South America': 84}
添加后: {'Europe': 370, 'North America': 224, 'South America': 84}
[2026-09-05 00:00:00.663529] 开始添加学校...
[2026-09-05 00:00:00.698959] 添加了 0 所学校
添加前: {'Europe': 370, 'North America': 224, 'South America': 84}
添加后: {'Europe': 370, 'North America': 224, 'South America': 84}
[2026-09-05 01:00:01.076409] 开始添加学校...
[2026-09-05 01:00:01.111140] 添加了 0 所学校
添加前: {'Europe': 370, 'North America': 224, 'South America': 84}
添加后: {'Europe': 370, 'North America': 224, 'South America': 84}
[2026-09-05 02:00:00.662043] 开始添加学校...
[2026-09-05 02:00:00.697684] 添加了 0 所学校
添加前: {'Europe': 370, 'North America': 224, 'South America': 84}
添加后: {'Europe': 370, 'North America': 224, 'South America': 84}
[2026-09-05 03:00:00.323284] 开始添加学校...
[2026-09-05 03:00:00.356683] 添加了 0 所学校
添加前: {'Europe': 370, 'North America': 224, 'South America': 84}
添加后: {'Europe': 370, 'North America': 224, 'South America': 84}
[2026-09-05 04:00:00.843588] 开始添加学校...
[2026-09-05 04:00:00.876956] 添加了 0 所学校
添加前: {'Europe': 370, 'North America': 224, 'South America': 84}
添加后: {'Europe': 370, 'North America': 224, 'South America': 84}
[2026-09-05 05:00:00.410650] 开始添加学校...
[2026-09-05 05:00:00.443842] 添加了 0 所学校
添加前: {'Europe': 370, 'North America': 224, 'South America': 84}
添加后: {'Europe': 370, 'North America': 224, 'South America': 84}
[2026-09-05 06:00:00.669098] 开始添加学校...
[2026-09-05 06:00:00.700323] 添加了 0 所学校
添加前: {'Europe': 370, 'North America': 224, 'South America': 84}
添加后: {'Europe': 370, 'North America': 224, 'South America': 84}
[2026-09-05 07:00:00.642511] 开始添加学校...
[2026-09-05 07:00:00.675521] 添加了 0 所学校
添加前: {'Europe': 370, 'North America': 224, 'South America': 84}
添加后: {'Europe': 370, 'North America': 224, 'South America': 84}
[2026-09-05 08:00:01.084571] 开始添加学校...
[2026-09-05 08:00:01.125231] 添加了 0 所学校
添加前: {'Europe': 370, 'North America': 224, 'South America': 84}
添加后: {'Europe': 370, 'North America': 224, 'South America': 84}
[2026-09-05 09:00:00.858300] 开始添加学校...
[2026-09-05 09:00:00.891759] 添加了 0 所学校
添加前: {'Europe': 370, 'North America': 224, 'South America': 84}
添加后: {'Europe': 370, 'North America': 224, 'South America': 84}
[2026-09-05 10:00:01.217928] 开始添加学校...
[2026-09-05 10:00:01.270695] 添加了 0 所学校
添加前: {'Europe': 370, 'North America': 224, 'South America': 84}
添加后: {'Europe': 370, 'North America': 224, 'South America': 84}
[2026-09-05 11:00:00.818031] 开始添加学校...
[2026-09-05 11:00:00.852192] 添加了 0 所学校
添加前: {'Europe': 370, 'North America': 224, 'South America': 84}
添加后: {'Europe': 370, 'North America': 224, 'South America': 84}
[2026-09-05 12:00:00.341478] 开始添加学校...
[2026-09-05 12:00:00.378692] 添加了 0 所学校
添加前: {'Europe': 370, 'North America': 224, 'South America': 84}
添加后: {'Europe': 370, 'North America': 224, 'South America': 84}
[2026-09-05 13:00:00.847085] 开始添加学校...
[2026-09-05 13:00:00.880175] 添加了 0 所学校
添加前: {'Europe': 370, 'North America': 224, 'South America': 84}
添加后: {'Europe': 370, 'North America': 224, 'South America': 84}
[2026-09-05 14:00:00.350788] 开始添加学校...
[2026-09-05 14:00:00.383772] 添加了 0 所学校
添加前: {'Europe': 370, 'North America': 224, 'South America': 84}
添加后: {'Europe': 370, 'North America': 224, 'South America': 84}
[2026-09-05 15:00:00.598305] 开始添加学校...
[2026-09-05 15:00:00.631553] 添加了 0 所学校
添加前: {'Europe': 370, 'North America': 224, 'South America': 84}
添加后: {'Europe': 370, 'North America': 224, 'South America': 84}
[2026-09-05 16:00:00.741754] 开始添加学校...
[2026-09-05 16:00:00.779696] 添加了 0 所学校
添加前: {'Europe': 370, 'North America': 224, 'South America': 84}
添加后: {'Europe': 370, 'North America': 224, 'South America': 84}
[2026-09-05 17:00:00.900088] 开始添加学校...
[2026-09-05 17:00:00.936709] 添加了 0 所学校
添加前: {'Europe': 370, 'North America': 224, 'South America': 84}
添加后: {'Europe': 370, 'North America': 224, 'South America': 84}
[2026-09-05 18:00:00.244922] 开始添加学校...
[2026-09-05 18:00:00.279436] 添加了 0 所学校
添加前: {'Europe': 370, 'North America': 224, 'South America': 84}
添加后: {'Europe': 370, 'North America': 224, 'South America': 84}
[2026-09-05 19:00:00.586480] 开始添加学校...
[2026-09-05 19:00:00.620653] 添加了 0 所学校
添加前: {'Europe': 370, 'North America': 224, 'South America': 84}
添加后: {'Europe': 370, 'North America': 224, 'South America': 84}
[2026-09-05 20:00:00.833585] 开始添加学校...
[2026-09-05 20:00:00.867476] 添加了 0 所学校
添加前: {'Europe': 370, 'North America': 224, 'South America': 84}
添加后: {'Europe': 370, 'North America': 224, 'South America': 84}
[2026-09-05 21:00:01.035635] 开始添加学校...
[2026-09-05 21:00:01.071720] 添加了 0 所学校
添加前: {'Europe': 370, 'North America': 224, 'South America': 84}
添加后: {'Europe': 370, 'North America': 224, 'South America': 84}
[2026-09-05 22:00:00.586441] 开始添加学校...
[2026-09-05 22:00:00.622609] 添加了 0 所学校
添加前: {'Europe': 370, 'North America': 224, 'South America': 84}
添加后: {'Europe': 370, 'North America': 224, 'South America': 84}
[2026-09-05 23:00:01.085266] 开始添加学校...
[2026-09-05 23:00:01.120718] 添加了 0 所学校
添加前: {'Europe': 370, 'North America': 224, 'South America': 84}
添加后: {'Europe': 370, 'North America': 224, 'South America': 84}
[2026-09-06 00:00:01.210123] 开始添加学校...
[2026-09-06 00:00:01.250780] 添加了 0 所学校
添加前: {'Europe': 370, 'North America': 224, 'South America': 84}
添加后: {'Europe': 370, 'North America': 224, 'South America': 84}
[2026-09-06 01:00:00.220257] 开始添加学校...
[2026-09-06 01:00:00.255858] 添加了 0 所学校
添加前: {'Europe': 370, 'North America': 224, 'South America': 84}
添加后: {'Europe': 370, 'North America': 224, 'South America': 84}
[2026-09-06 02:00:00.654398] 开始添加学校...
[2026-09-06 02:00:00.689004] 添加了 0 所学校
添加前: {'Europe': 370, 'North America': 224, 'South America': 84}
添加后: {'Europe': 370, 'North America': 224, 'South America': 84}
[2026-09-06 03:00:00.276061] 开始添加学校...
[2026-09-06 03:00:00.315597] 添加了 0 所学校
添加前: {'Europe': 370, 'North America': 224, 'South America': 84}
添加后: {'Europe': 370, 'North America': 224, 'South America': 84}
[2026-09-06 04:00:00.901521] 开始添加学校...
[2026-09-06 04:00:00.934864] 添加了 0 所学校
添加前: {'Europe': 370, 'North America': 224, 'South America': 84}
添加后: {'Europe': 370, 'North America': 224, 'South America': 84}
[2026-09-06 05:00:01.094053] 开始添加学校...
[2026-09-06 05:00:01.129262] 添加了 0 所学校
添加前: {'Europe': 370, 'North America': 224, 'South America': 84}
添加后: {'Europe': 370, 'North America': 224, 'South America': 84}
[2026-09-06 06:00:00.327321] 开始添加学校...
[2026-09-06 06:00:00.599669] 添加了 0 所学校
添加前: {'Europe': 370, 'North America': 224, 'South America': 84}
添加后: {'Europe': 370, 'North America': 224, 'South America': 84}
[2026-09-06 07:00:01.004560] 开始添加学校...
[2026-09-06 07:00:01.047297] 添加了 0 所学校
添加前: {'Europe': 370, 'North America': 224, 'South America': 84}
添加后: {'Europe': 370, 'North America': 224, 'South America': 84}
[2026-09-06 08:00:00.735702] 开始添加学校...
[2026-09-06 08:00:00.770122] 添加了 0 所学校
添加前: {'Europe': 370, 'North America': 224, 'South America': 84}
添加后: {'Europe': 370, 'North America': 224, 'South America': 84}
[2026-09-06 09:00:00.454480] 开始添加学校...
[2026-09-06 09:00:00.488209] 添加了 0 所学校
添加前: {'Europe': 370, 'North America': 224, 'South America': 84}
添加后: {'Europe': 370, 'North America': 224, 'South America': 84}
[2026-09-06 10:00:00.140669] 开始添加学校...
[2026-09-06 10:00:00.180948] 添加了 0 所学校
添加前: {'Europe': 370, 'North America': 224, 'South America': 84}
添加后: {'Europe': 370, 'North America': 224, 'South America': 84}
[2026-09-06 11:00:00.370558] 开始添加学校...
[2026-09-06 11:00:00.404421] 添加了 0 所学校
添加前: {'Europe': 370, 'North America': 224, 'South America': 84}
添加后: {'Europe': 370, 'North America': 224, 'South America': 84}
[2026-09-06 12:00:00.912919] 开始添加学校...
[2026-09-06 12:00:00.947669] 添加了 0 所学校
添加前: {'Europe': 370, 'North America': 224, 'South America': 84}
添加后: {'Europe': 370, 'North America': 224, 'South America': 84}
[2026-09-06 13:00:00.311519] 开始添加学校...
[2026-09-06 13:00:00.346429] 添加了 0 所学校
添加前: {'Europe': 370, 'North America': 224, 'South America': 84}
添加后: {'Europe': 370, 'North America': 224, 'South America': 84}
[2026-09-06 14:00:01.130594] 开始添加学校...
[2026-09-06 14:00:01.164886] 添加了 0 所学校
添加前: {'Europe': 370, 'North America': 224, 'South America': 84}
添加后: {'Europe': 370, 'North America': 224, 'South America': 84}
[2026-09-06 15:00:00.899469] 开始添加学校...
[2026-09-06 15:00:00.933810] 添加了 0 所学校
添加前: {'Europe': 370, 'North America': 224, 'South America': 84}
添加后: {'Europe': 370, 'North America': 224, 'South America': 84}
[2026-09-06 16:00:00.571830] 开始添加学校...
[2026-09-06 16:00:00.611355] 添加了 0 所学校
添加前: {'Europe': 370, 'North America': 224, 'South America': 84}
添加后: {'Europe': 370, 'North America': 224, 'South America': 84}
[2026-09-06 17:00:01.011685] 开始添加学校...
[2026-09-06 17:00:01.055889] 添加了 0 所学校
添加前: {'Europe': 370, 'North America': 224, 'South America': 84}
添加后: {'Europe': 370, 'North America': 224, 'South America': 84}
[2026-09-06 18:00:00.998108] 开始添加学校...
[2026-09-06 18:00:01.050523] 添加了 0 所学校
添加前: {'Europe': 370, 'North America': 224, 'South America': 84}
添加后: {'Europe': 370, 'North America': 224, 'South America': 84}
[2026-09-06 19:00:00.811101] 开始添加学校...
[2026-09-06 19:00:00.854909] 添加了 0 所学校
添加前: {'Europe': 370, 'North America': 224, 'South America': 84}
添加后: {'Europe': 370, 'North America': 224, 'South America': 84}
[2026-09-06 20:00:01.032996] 开始添加学校...
[2026-09-06 20:00:01.067818] 添加了 0 所学校
添加前: {'Europe': 370, 'North America': 224, 'South America': 84}
添加后: {'Europe': 370, 'North America': 224, 'South America': 84}
[2026-09-06 21:00:01.134420] 开始添加学校...
[2026-09-06 21:00:01.166042] 添加了 0 所学校
添加前: {'Europe': 370, 'North America': 224, 'South America': 84}
添加后: {'Europe': 370, 'North America': 224, 'South America': 84}
[2026-09-06 22:00:00.408431] 开始添加学校...
[2026-09-06 22:00:00.449374] 添加了 0 所学校
添加前: {'Europe': 370, 'North America': 224, 'South America': 84}
添加后: {'Europe': 370, 'North America': 224, 'South America': 84}
[2026-09-06 23:00:00.619515] 开始添加学校...
[2026-09-06 23:00:00.654072] 添加了 0 所学校
添加前: {'Europe': 370, 'North America': 224, 'South America': 84}
添加后: {'Europe': 370, 'North America': 224, 'South America': 84}
[2026-09-07 00:00:00.596370] 开始添加学校...
[2026-09-07 00:00:00.648303] 添加了 0 所学校
添加前: {'Europe': 370, 'North America': 224, 'South America': 84}
添加后: {'Europe': 370, 'North America': 224, 'South America': 84}
[2026-09-07 01:00:00.775892] 开始添加学校...
[2026-09-07 01:00:00.810779] 添加了 0 所学校
添加前: {'Europe': 370, 'North America': 224, 'South America': 84}
添加后: {'Europe': 370, 'North America': 224, 'South America': 84}
[2026-09-07 02:00:01.058687] 开始添加学校...
[2026-09-07 02:00:01.092758] 添加了 0 所学校
添加前: {'Europe': 370, 'North America': 224, 'South America': 84}
添加后: {'Europe': 370, 'North America': 224, 'South America': 84}
[2026-09-07 03:00:00.528024] 开始添加学校...
[2026-09-07 03:00:00.572468] 添加了 0 所学校
添加前: {'Europe': 370, 'North America': 224, 'South America': 84}
添加后: {'Europe': 370, 'North America': 224, 'South America': 84}
[2026-09-07 04:00:01.077303] 开始添加学校...
[2026-09-07 04:00:01.092614] 添加了 0 所学校
添加前: {'Europe': 370, 'North America': 224, 'South America': 84}
添加后: {'Europe': 370, 'North America': 224, 'South America': 84}
[2026-09-07 05:00:00.204457] 开始添加学校...
[2026-09-07 05:00:00.241605] 添加了 0 所学校
添加前: {'Europe': 370, 'North America': 224, 'South America': 84}
添加后: {'Europe': 370, 'North America': 224, 'South America': 84}
[2026-09-07 06:00:00.350550] 开始添加学校...
[2026-09-07 06:00:00.412192] 添加了 0 所学校
添加前: {'Europe': 370, 'North America': 224, 'South America': 84}
添加后: {'Europe': 370, 'North America': 224, 'South America': 84}
[2026-09-07 07:00:00.632833] 开始添加学校...
[2026-09-07 07:00:00.686300] 添加了 0 所学校
添加前: {'Europe': 370, 'North America': 224, 'South America': 84}
添加后: {'Europe': 370, 'North America': 224, 'South America': 84}
[2026-09-07 08:00:00.674116] 开始添加学校...
[2026-09-07 08:00:00.708392] 添加了 0 所学校
添加前: {'Europe': 370, 'North America': 224, 'South America': 84}
添加后: {'Europe': 370, 'North America': 224, 'South America': 84}
[2026-09-07 09:00:00.310608] 开始添加学校...
[2026-09-07 09:00:00.346648] 添加了 0 所学校
添加前: {'Europe': 370, 'North America': 224, 'South America': 84}
添加后: {'Europe': 370, 'North America': 224, 'South America': 84}
[2026-09-07 11:03:05.601482] 开始添加学校...
[2026-09-07 11:03:05.636535] 添加了 0 所学校
添加前: {'Europe': 370, 'North America': 224, 'South America': 84}
添加后: {'Europe': 370, 'North America': 224, 'South America': 84}
[2026-09-07 12:00:00.261991] 开始添加学校...
[2026-09-07 12:00:00.295623] 添加了 0 所学校
添加前: {'Europe': 370, 'North America': 224, 'South America': 84}
添加后: {'Europe': 370, 'North America': 224, 'South America': 84}
[2026-09-07 13:01:22.697406] 开始添加学校...
[2026-09-07 13:01:22.710562] 添加了 0 所学校
添加前: {'Europe': 370, 'North America': 224, 'South America': 84}
添加后: {'Europe': 370, 'North America': 224, 'South America': 84}
[2026-09-07 14:02:39.612648] 开始添加学校...
[2026-09-07 14:02:39.644483] 添加了 0 所学校
添加前: {'Europe': 370, 'North America': 224, 'South America': 84}
添加后: {'Europe': 370, 'North America': 224, 'South America': 84}
[2026-09-07 15:01:59.777746] 开始添加学校...
[2026-09-07 15:01:59.810392] 添加了 0 所学校
添加前: {'Europe': 370, 'North America': 224, 'South America': 84}
添加后: {'Europe': 370, 'North America': 224, 'South America': 84}
[2026-09-07 17:03:36.359231] 开始添加学校...
[2026-09-07 17:03:36.394630] 添加了 0 所学校
添加前: {'Europe': 370, 'North America': 224, 'South America': 84}
添加后: {'Europe': 370, 'North America': 224, 'South America': 84}
[2026-09-07 18:00:00.375902] 开始添加学校...
[2026-09-07 18:00:00.410792] 添加了 0 所学校
添加前: {'Europe': 370, 'North America': 224, 'South America': 84}
添加后: {'Europe': 370, 'North America': 224, 'South America': 84}
[2026-09-07 19:00:26.924141] 开始添加学校...
[2026-09-07 19:00:26.957247] 添加了 0 所学校
添加前: {'Europe': 370, 'North America': 224, 'South America': 84}
添加后: {'Europe': 370, 'North America': 224, 'South America': 84}
[2026-09-07 20:00:34.424671] 开始添加学校...
[2026-09-07 20:00:34.438369] 添加了 0 所学校
添加前: {'Europe': 370, 'North America': 224, 'South America': 84}
添加后: {'Europe': 370, 'North America': 224, 'South America': 84}
[2026-09-07 21:02:16.982424] 开始添加学校...
[2026-09-07 21:02:17.021656] 添加了 0 所学校
添加前: {'Europe': 370, 'North America': 224, 'South America': 84}
添加后: {'Europe': 370, 'North America': 224, 'South America': 84}
[2026-09-07 22:00:00.240488] 开始添加学校...
[2026-09-07 22:00:00.272424] 添加了 0 所学校
添加前: {'Europe': 370, 'North America': 224, 'South America': 84}
添加后: {'Europe': 370, 'North America': 224, 'South America': 84}
[2026-09-07 23:01:36.905325] 开始添加学校...
[2026-09-07 23:01:36.943309] 添加了 0 所学校
添加前: {'Europe': 370, 'North America': 224, 'South America': 84}
添加后: {'Europe': 370, 'North America': 224, 'South America': 84}
[2026-09-08 00:00:00.936435] 开始添加学校...
[2026-09-08 00:00:00.976489] 添加了 0 所学校
添加前: {'Europe': 370, 'North America': 224, 'South America': 84}
添加后: {'Europe': 370, 'North America': 224, 'South America': 84}
[2026-09-08 01:00:55.847117] 开始添加学校...
[2026-09-08 01:00:55.879590] 添加了 0 所学校
添加前: {'Europe': 370, 'North America': 224, 'South America': 84}
添加后: {'Europe': 370, 'North America': 224, 'South America': 84}
[2026-09-08 03:03:07.104975] 开始添加学校...
[2026-09-08 03:03:07.139716] 添加了 0 所学校
添加前: {'Europe': 370, 'North America': 224, 'South America': 84}
添加后: {'Europe': 370, 'North America': 224, 'South America': 84}
[2026-09-08 04:03:43.278080] 开始添加学校...
[2026-09-08 04:03:43.310767] 添加了 0 所学校
添加前: {'Europe': 370, 'North America': 224, 'South America': 84}
添加后: {'Europe': 370, 'North America': 224, 'South America': 84}
[2026-09-08 08:06:37.986015] 开始添加学校...
[2026-09-08 08:06:38.033390] 添加了 0 所学校
添加前: {'Europe': 370, 'North America': 224, 'South America': 84}
添加后: {'Europe': 370, 'North America': 224, 'South America': 84}
[2026-09-08 10:01:33.879315] 开始添加学校...
[2026-09-08 10:01:33.910474] 添加了 0 所学校
添加前: {'Europe': 370, 'North America': 224, 'South America': 84}
添加后: {'Europe': 370, 'North America': 224, 'South America': 84}
[2026-09-08 12:08:14.923713] 开始添加学校...
[2026-09-08 12:08:14.965617] 添加了 0 所学校
添加前: {'Europe': 370, 'North America': 224, 'South America': 84}
添加后: {'Europe': 370, 'North America': 224, 'South America': 84}
[2026-09-08 13:02:19.071525] 开始添加学校...
[2026-09-08 13:02:19.103566] 添加了 0 所学校
添加前: {'Europe': 370, 'North America': 224, 'South America': 84}
添加后: {'Europe': 370, 'North America': 224, 'South America': 84}
[2026-09-08 15:00:00.855062] 开始添加学校...
[2026-09-08 15:00:00.886924] 添加了 0 所学校
添加前: {'Europe': 370, 'North America': 224, 'South America': 84}
添加后: {'Europe': 370, 'North America': 224, 'South America': 84}
[2026-09-08 16:00:00.367761] 开始添加学校...
[2026-09-08 16:00:00.401385] 添加了 0 所学校
添加前: {'Europe': 370, 'North America': 224, 'South America': 84}
添加后: {'Europe': 370, 'North America': 224, 'South America': 84}
[2026-09-08 17:00:23.586550] 开始添加学校...
[2026-09-08 17:00:23.620793] 添加了 0 所学校
添加前: {'Europe': 370, 'North America': 224, 'South America': 84}
添加后: {'Europe': 370, 'North America': 224, 'South America': 84}
[2026-09-08 21:00:01.007879] 开始添加学校...
[2026-09-08 21:00:01.021663] 添加了 0 所学校
添加前: {'Europe': 370, 'North America': 224, 'South America': 84}
添加后: {'Europe': 370, 'North America': 224, 'South America': 84}
[2026-09-08 22:00:04.106381] 开始添加学校...
[2026-09-08 22:00:04.141265] 添加了 0 所学校
添加前: {'Europe': 370, 'North America': 224, 'South America': 84}
添加后: {'Europe': 370, 'North America': 224, 'South America': 84}
[2026-09-09 07:00:50.471508] 开始添加学校...
[2026-09-09 07:00:50.506809] 添加了 0 所学校
添加前: {'Europe': 370, 'North America': 224, 'South America': 84}
添加后: {'Europe': 370, 'North America': 224, 'South America': 84}
[2026-09-09 08:00:00.438422] 开始添加学校...
[2026-09-09 08:00:00.473307] 添加了 0 所学校
添加前: {'Europe': 370, 'North America': 224, 'South America': 84}
添加后: {'Europe': 370, 'North America': 224, 'South America': 84}
[2026-09-09 09:00:00.697823] 开始添加学校...
[2026-09-09 09:00:00.715278] 添加了 0 所学校
添加前: {'Europe': 370, 'North America': 224, 'South America': 84}
添加后: {'Europe': 370, 'North America': 224, 'South America': 84}
[2026-09-09 10:01:54.998670] 开始添加学校...
[2026-09-09 10:01:55.032515] 添加了 0 所学校
添加前: {'Europe': 370, 'North America': 224, 'South America': 84}
添加后: {'Europe': 370, 'North America': 224, 'South America': 84}
[2026-09-09 11:04:06.962712] 开始添加学校...
[2026-09-09 11:04:06.997719] 添加了 0 所学校
添加前: {'Europe': 370, 'North America': 224, 'South America': 84}
添加后: {'Europe': 370, 'North America': 224, 'South America': 84}
[2026-09-09 13:00:24.033600] 开始添加学校...
[2026-09-09 13:00:24.067919] 添加了 0 所学校
添加前: {'Europe': 370, 'North America': 224, 'South America': 84}
添加后: {'Europe': 370, 'North America': 224, 'South America': 84}
[2026-09-09 14:01:42.993340] 开始添加学校...
[2026-09-09 14:01:43.029294] 添加了 0 所学校
添加前: {'Europe': 370, 'North America': 224, 'South America': 84}
添加后: {'Europe': 370, 'North America': 224, 'South America': 84}
[2026-09-09 15:01:34.765989] 开始添加学校...
[2026-09-09 15:01:34.798366] 添加了 0 所学校
添加前: {'Europe': 370, 'North America': 224, 'South America': 84}
添加后: {'Europe': 370, 'North America': 224, 'South America': 84}
[2026-09-09 16:01:01.708721] 开始添加学校...
[2026-09-09 16:01:01.724390] 添加了 0 所学校
添加前: {'Europe': 370, 'North America': 224, 'South America': 84}
添加后: {'Europe': 370, 'North America': 224, 'South America': 84}
[2026-09-09 17:00:14.099725] 开始添加学校...
[2026-09-09 17:00:14.139741] 添加了 0 所学校
添加前: {'Europe': 370, 'North America': 224, 'South America': 84}
添加后: {'Europe': 370, 'North America': 224, 'South America': 84}
[2026-09-09 18:01:37.099919] 开始添加学校...
[2026-09-09 18:01:37.134986] 添加了 0 所学校
添加前: {'Europe': 370, 'North America': 224, 'South America': 84}
添加后: {'Europe': 370, 'North America': 224, 'South America': 84}
[2026-09-09 20:00:01.093320] 开始添加学校...
[2026-09-09 20:00:01.153973] 添加了 0 所学校
添加前: {'Europe': 370, 'North America': 224, 'South America': 84}
添加后: {'Europe': 370, 'North America': 224, 'South America': 84}
[2026-09-09 22:02:16.756899] 开始添加学校...
[2026-09-09 22:02:16.832493] 添加了 0 所学校
添加前: {'Europe': 370, 'North America': 224, 'South America': 84}
添加后: {'Europe': 370, 'North America': 224, 'South America': 84}
[2026-09-09 23:03:36.674586] 开始添加学校...
[2026-09-09 23:03:36.689768] 添加了 0 所学校
添加前: {'Europe': 370, 'North America': 224, 'South America': 84}
添加后: {'Europe': 370, 'North America': 224, 'South America': 84}
[2026-09-10 01:00:00.882166] 开始添加学校...
[2026-09-10 01:00:00.919205] 添加了 0 所学校
添加前: {'Europe': 370, 'North America': 224, 'South America': 84}
添加后: {'Europe': 370, 'North America': 224, 'South America': 84}
[2026-09-10 05:00:40.437031] 开始添加学校...
[2026-09-10 05:00:40.478460] 添加了 0 所学校
添加前: {'Europe': 370, 'North America': 224, 'South America': 84}
添加后: {'Europe': 370, 'North America': 224, 'South America': 84}
[2026-09-10 08:00:39.878159] 开始添加学校...
[2026-09-10 08:00:39.913824] 添加了 0 所学校
添加前: {'Europe': 370, 'North America': 224, 'South America': 84}
添加后: {'Europe': 370, 'North America': 224, 'South America': 84}
[2026-09-10 09:01:36.923575] 开始添加学校...
[2026-09-10 09:01:36.939105] 添加了 0 所学校
添加前: {'Europe': 370, 'North America': 224, 'South America': 84}
添加后: {'Europe': 370, 'North America': 224, 'South America': 84}
[2026-09-10 10:00:54.632256] 开始添加学校...
[2026-09-10 10:00:54.675560] 添加了 0 所学校
添加前: {'Europe': 370, 'North America': 224, 'South America': 84}
添加后: {'Europe': 370, 'North America': 224, 'South America': 84}
[2026-09-10 11:02:27.787227] 开始添加学校...
[2026-09-10 11:02:27.821926] 添加了 0 所学校
添加前: {'Europe': 370, 'North America': 224, 'South America': 84}
添加后: {'Europe': 370, 'North America': 224, 'South America': 84}
[2026-09-10 12:00:49.084168] 开始添加学校...
[2026-09-10 12:00:49.121219] 添加了 0 所学校
添加前: {'Europe': 370, 'North America': 224, 'South America': 84}
添加后: {'Europe': 370, 'North America': 224, 'South America': 84}
[2026-09-10 13:00:00.656248] 开始添加学校...
[2026-09-10 13:00:00.692104] 添加了 0 所学校
添加前: {'Europe': 370, 'North America': 224, 'South America': 84}
添加后: {'Europe': 370, 'North America': 224, 'South America': 84}
[2026-09-10 14:04:28.578551] 开始添加学校...
[2026-09-10 14:04:28.620859] 添加了 0 所学校
添加前: {'Europe': 370, 'North America': 224, 'South America': 84}
添加后: {'Europe': 370, 'North America': 224, 'South America': 84}
[2026-09-10 15:03:50.502784] 开始添加学校...
[2026-09-10 15:03:50.536756] 添加了 0 所学校
添加前: {'Europe': 370, 'North America': 224, 'South America': 84}
添加后: {'Europe': 370, 'North America': 224, 'South America': 84}
[2026-09-10 16:04:20.031269] 开始添加学校...
[2026-09-10 16:04:20.066158] 添加了 0 所学校
添加前: {'Europe': 370, 'North America': 224, 'South America': 84}
添加后: {'Europe': 370, 'North America': 224, 'South America': 84}
[2026-09-10 17:00:22.022546] 开始添加学校...
[2026-09-10 17:00:22.064394] 添加了 0 所学校
添加前: {'Europe': 370, 'North America': 224, 'South America': 84}
添加后: {'Europe': 370, 'North America': 224, 'South America': 84}
[2026-09-10 18:04:22.683741] 开始添加学校...
[2026-09-10 18:04:22.721282] 添加了 0 所学校
添加前: {'Europe': 370, 'North America': 224, 'South America': 84}
添加后: {'Europe': 370, 'North America': 224, 'South America': 84}
[2026-09-10 19:04:21.787841] 开始添加学校...
[2026-09-10 19:04:21.826168] 添加了 0 所学校
添加前: {'Europe': 370, 'North America': 224, 'South America': 84}
添加后: {'Europe': 370, 'North America': 224, 'South America': 84}
[2026-09-10 20:00:05.702453] 开始添加学校...
[2026-09-10 20:00:05.737354] 添加了 0 所学校
添加前: {'Europe': 370, 'North America': 224, 'South America': 84}
添加后: {'Europe': 370, 'North America': 224, 'South America': 84}
[2026-09-10 21:00:00.587043] 开始添加学校...
[2026-09-10 21:00:00.647111] 添加了 0 所学校
添加前: {'Europe': 370, 'North America': 224, 'South America': 84}
添加后: {'Europe': 370, 'North America': 224, 'South America': 84}
[2026-09-10 22:00:09.620553] 开始添加学校...
[2026-09-10 22:00:09.655666] 添加了 0 所学校
添加前: {'Europe': 370, 'North America': 224, 'South America': 84}
添加后: {'Europe': 370, 'North America': 224, 'South America': 84}
[2026-09-11 00:01:28.074522] 开始添加学校...
[2026-09-11 00:01:28.105795] 添加了 0 所学校
添加前: {'Europe': 370, 'North America': 224, 'South America': 84}
添加后: {'Europe': 370, 'North America': 224, 'South America': 84}
[2026-09-11 05:02:10.747665] 开始添加学校...
[2026-09-11 05:02:10.782137] 添加了 0 所学校
添加前: {'Europe': 370, 'North America': 224, 'South America': 84}
添加后: {'Europe': 370, 'North America': 224, 'South America': 84}
[2026-09-11 06:00:00.569741] 开始添加学校...
[2026-09-11 06:00:00.603355] 添加了 0 所学校
添加前: {'Europe': 370, 'North America': 224, 'South America': 84}
添加后: {'Europe': 370, 'North America': 224, 'South America': 84}
[2026-09-11 07:00:04.977128] 开始添加学校...
[2026-09-11 07:00:05.012449] 添加了 0 所学校
添加前: {'Europe': 370, 'North America': 224, 'South America': 84}
添加后: {'Europe': 370, 'North America': 224, 'South America': 84}
[2026-09-11 08:02:18.006975] 开始添加学校...
[2026-09-11 08:02:18.054192] 添加了 0 所学校
添加前: {'Europe': 370, 'North America': 224, 'South America': 84}
添加后: {'Europe': 370, 'North America': 224, 'South America': 84}
[2026-09-11 10:03:52.851968] 开始添加学校...
[2026-09-11 10:03:52.890343] 添加了 0 所学校
添加前: {'Europe': 370, 'North America': 224, 'South America': 84}
添加后: {'Europe': 370, 'North America': 224, 'South America': 84}
[2026-09-11 20:00:00.688123] 开始添加学校...
[2026-09-11 20:00:00.724835] 添加了 0 所学校
添加前: {'Europe': 370, 'North America': 224, 'South America': 84}
添加后: {'Europe': 370, 'North America': 224, 'South America': 84}
[2026-09-15 01:01:04.019060] 开始添加学校...
[2026-09-15 01:01:04.053783] 添加了 0 所学校
添加前: {'Europe': 370, 'North America': 224, 'South America': 84}
添加后: {'Europe': 370, 'North America': 224, 'South America': 84}
[2026-09-15 02:02:03.291973] 开始添加学校...
[2026-09-15 02:02:03.326389] 添加了 0 所学校
添加前: {'Europe': 370, 'North America': 224, 'South America': 84}
添加后: {'Europe': 370, 'North America': 224, 'South America': 84}
[2026-09-15 03:00:06.982211] 开始添加学校...
[2026-09-15 03:00:07.014881] 添加了 0 所学校
添加前: {'Europe': 370, 'North America': 224, 'South America': 84}
添加后: {'Europe': 370, 'North America': 224, 'South America': 84}
[2026-09-15 06:01:13.890394] 开始添加学校...
[2026-09-15 06:01:13.925033] 添加了 0 所学校
添加前: {'Europe': 370, 'North America': 224, 'South America': 84}
添加后: {'Europe': 370, 'North America': 224, 'South America': 84}
[2026-09-15 07:01:39.274269] 开始添加学校...
[2026-09-15 07:01:39.307768] 添加了 0 所学校
添加前: {'Europe': 370, 'North America': 224, 'South America': 84}
添加后: {'Europe': 370, 'North America': 224, 'South America': 84}
[2026-09-15 08:01:14.786131] 开始添加学校...
[2026-09-15 08:01:14.820745] 添加了 0 所学校
添加前: {'Europe': 370, 'North America': 224, 'South America': 84}
添加后: {'Europe': 370, 'North America': 224, 'South America': 84}
[2026-09-15 13:01:12.769445] 开始添加学校...
[2026-09-15 13:01:12.805823] 添加了 0 所学校
添加前: {'Europe': 370, 'North America': 224, 'South America': 84}
添加后: {'Europe': 370, 'North America': 224, 'South America': 84}
[2026-09-15 16:00:00.572950] 开始添加学校...
[2026-09-15 16:00:00.635566] 添加了 0 所学校
添加前: {'Europe': 370, 'North America': 224, 'South America': 84}
添加后: {'Europe': 370, 'North America': 224, 'South America': 84}
[2026-09-15 19:00:00.872513] 开始添加学校...
[2026-09-15 19:00:00.906831] 添加了 0 所学校
添加前: {'Europe': 370, 'North America': 224, 'South America': 84}
添加后: {'Europe': 370, 'North America': 224, 'South America': 84}
[2026-09-15 22:01:30.119683] 开始添加学校...
[2026-09-15 22:01:30.154525] 添加了 0 所学校
添加前: {'Europe': 370, 'North America': 224, 'South America': 84}
添加后: {'Europe': 370, 'North America': 224, 'South America': 84}
[2026-09-15 23:00:00.676508] 开始添加学校...
[2026-09-15 23:00:00.688045] 添加了 0 所学校
添加前: {'Europe': 370, 'North America': 224, 'South America': 84}
添加后: {'Europe': 370, 'North America': 224, 'South America': 84}
[2026-09-16 02:00:49.485232] 开始添加学校...
[2026-09-16 02:00:49.518324] 添加了 0 所学校
添加前: {'Europe': 370, 'North America': 224, 'South America': 84}
添加后: {'Europe': 370, 'North America': 224, 'South America': 84}
[2026-09-16 05:00:01.141760] 开始添加学校...
[2026-09-16 05:00:01.174302] 添加了 0 所学校
添加前: {'Europe': 370, 'North America': 224, 'South America': 84}
添加后: {'Europe': 370, 'North America': 224, 'South America': 84}
[2026-09-16 10:01:40.580940] 开始添加学校...
[2026-09-16 10:01:40.615150] 添加了 0 所学校
添加前: {'Europe': 370, 'North America': 224, 'South America': 84}
添加后: {'Europe': 370, 'North America': 224, 'South America': 84}
[2026-09-16 11:01:03.773347] 开始添加学校...
[2026-09-16 11:01:03.807582] 添加了 0 所学校
添加前: {'Europe': 370, 'North America': 224, 'South America': 84}
添加后: {'Europe': 370, 'North America': 224, 'South America': 84}
[2026-09-16 12:00:53.657027] 开始添加学校...
[2026-09-16 12:00:53.691750] 添加了 0 所学校
添加前: {'Europe': 370, 'North America': 224, 'South America': 84}
添加后: {'Europe': 370, 'North America': 224, 'South America': 84}
[2026-09-16 17:00:27.097971] 开始添加学校...
[2026-09-16 17:00:27.130044] 添加了 0 所学校
添加前: {'Europe': 370, 'North America': 224, 'South America': 84}
添加后: {'Europe': 370, 'North America': 224, 'South America': 84}
[2026-09-16 19:00:00.567248] 开始添加学校...
[2026-09-16 19:00:00.601725] 添加了 0 所学校
添加前: {'Europe': 370, 'North America': 224, 'South America': 84}
添加后: {'Europe': 370, 'North America': 224, 'South America': 84}
[2026-09-16 20:00:01.179114] 开始添加学校...
[2026-09-16 20:00:01.247101] 添加了 0 所学校
添加前: {'Europe': 370, 'North America': 224, 'South America': 84}
添加后: {'Europe': 370, 'North America': 224, 'South America': 84}
[2026-09-16 22:00:00.648766] 开始添加学校...
[2026-09-16 22:00:00.683178] 添加了 0 所学校
添加前: {'Europe': 370, 'North America': 224, 'South America': 84}
添加后: {'Europe': 370, 'North America': 224, 'South America': 84}
[2026-09-16 23:00:00.732321] 开始添加学校...
[2026-09-16 23:00:00.767178] 添加了 0 所学校
添加前: {'Europe': 370, 'North America': 224, 'South America': 84}
添加后: {'Europe': 370, 'North America': 224, 'South America': 84}
[2026-09-17 01:01:14.171963] 开始添加学校...
[2026-09-17 01:01:14.205302] 添加了 0 所学校
添加前: {'Europe': 370, 'North America': 224, 'South America': 84}
添加后: {'Europe': 370, 'North America': 224, 'South America': 84}
[2026-09-17 04:00:49.599883] 开始添加学校...
[2026-09-17 04:00:49.635490] 添加了 0 所学校
添加前: {'Europe': 370, 'North America': 224, 'South America': 84}
添加后: {'Europe': 370, 'North America': 224, 'South America': 84}
[2026-09-17 07:00:35.612356] 开始添加学校...
[2026-09-17 07:00:35.653449] 添加了 0 所学校
添加前: {'Europe': 370, 'North America': 224, 'South America': 84}
添加后: {'Europe': 370, 'North America': 224, 'South America': 84}
[2026-09-17 08:00:18.752445] 开始添加学校...
[2026-09-17 08:00:18.787250] 添加了 0 所学校
添加前: {'Europe': 370, 'North America': 224, 'South America': 84}
添加后: {'Europe': 370, 'North America': 224, 'South America': 84}
[2026-09-17 09:00:34.990814] 开始添加学校...
[2026-09-17 09:00:35.024972] 添加了 0 所学校
添加前: {'Europe': 370, 'North America': 224, 'South America': 84}
添加后: {'Europe': 370, 'North America': 224, 'South America': 84}
[2026-09-17 12:00:00.651230] 开始添加学校...
[2026-09-17 12:00:00.687990] 添加了 0 所学校
添加前: {'Europe': 370, 'North America': 224, 'South America': 84}
添加后: {'Europe': 370, 'North America': 224, 'South America': 84}
[2026-09-17 13:00:00.865008] 开始添加学校...
[2026-09-17 13:00:00.901012] 添加了 0 所学校
添加前: {'Europe': 370, 'North America': 224, 'South America': 84}
添加后: {'Europe': 370, 'North America': 224, 'South America': 84}
[2026-09-17 14:00:00.323439] 开始添加学校...
[2026-09-17 14:00:00.339805] 添加了 0 所学校
添加前: {'Europe': 370, 'North America': 224, 'South America': 84}
添加后: {'Europe': 370, 'North America': 224, 'South America': 84}
[2026-09-17 17:00:00.209224] 开始添加学校...
[2026-09-17 17:00:00.246760] 添加了 0 所学校
添加前: {'Europe': 370, 'North America': 224, 'South America': 84}
添加后: {'Europe': 370, 'North America': 224, 'South America': 84}
[2026-09-17 18:00:00.644549] 开始添加学校...
[2026-09-17 18:00:00.680567] 添加了 0 所学校
添加前: {'Europe': 370, 'North America': 224, 'South America': 84}
添加后: {'Europe': 370, 'North America': 224, 'South America': 84}
[2026-09-17 20:00:16.940892] 开始添加学校...
[2026-09-17 20:00:16.974341] 添加了 0 所学校
添加前: {'Europe': 370, 'North America': 224, 'South America': 84}
添加后: {'Europe': 370, 'North America': 224, 'South America': 84}
[2026-09-17 22:00:53.577240] 开始添加学校...
[2026-09-17 22:00:53.611052] 添加了 0 所学校
添加前: {'Europe': 370, 'North America': 224, 'South America': 84}
添加后: {'Europe': 370, 'North America': 224, 'South America': 84}
[2026-09-17 23:00:00.916596] 开始添加学校...
[2026-09-17 23:00:00.952722] 添加了 0 所学校
添加前: {'Europe': 370, 'North America': 224, 'South America': 84}
添加后: {'Europe': 370, 'North America': 224, 'South America': 84}
[2026-09-18 08:00:00.820254] 开始添加学校...
[2026-09-18 08:00:00.855269] 添加了 0 所学校
添加前: {'Europe': 370, 'North America': 224, 'South America': 84}
添加后: {'Europe': 370, 'North America': 224, 'South America': 84}
[2026-09-18 09:00:53.403664] 开始添加学校...
[2026-09-18 09:00:53.440375] 添加了 0 所学校
添加前: {'Europe': 370, 'North America': 224, 'South America': 84}
添加后: {'Europe': 370, 'North America': 224, 'South America': 84}
[2026-09-18 10:01:24.911728] 开始添加学校...
[2026-09-18 10:01:24.951141] 添加了 0 所学校
添加前: {'Europe': 370, 'North America': 224, 'South America': 84}
添加后: {'Europe': 370, 'North America': 224, 'South America': 84}
[2026-09-18 13:00:47.052435] 开始添加学校...
[2026-09-18 13:00:47.086096] 添加了 0 所学校
添加前: {'Europe': 370, 'North America': 224, 'South America': 84}
添加后: {'Europe': 370, 'North America': 224, 'South America': 84}
[2026-09-18 14:04:38.383590] 开始添加学校...
[2026-09-18 14:04:38.417667] 添加了 0 所学校
添加前: {'Europe': 370, 'North America': 224, 'South America': 84}
添加后: {'Europe': 370, 'North America': 224, 'South America': 84}
[2026-09-18 15:00:00.576769] 开始添加学校...
[2026-09-18 15:00:00.610704] 添加了 0 所学校
添加前: {'Europe': 370, 'North America': 224, 'South America': 84}
添加后: {'Europe': 370, 'North America': 224, 'South America': 84}
[2026-09-18 16:00:00.672527] 开始添加学校...
[2026-09-18 16:00:00.707133] 添加了 0 所学校
添加前: {'Europe': 370, 'North America': 224, 'South America': 84}
添加后: {'Europe': 370, 'North America': 224, 'South America': 84}
[2026-09-18 19:00:00.427106] 开始添加学校...
[2026-09-18 19:00:00.467212] 添加了 0 所学校
添加前: {'Europe': 370, 'North America': 224, 'South America': 84}
添加后: {'Europe': 370, 'North America': 224, 'South America': 84}
[2026-09-18 22:00:02.493735] 开始添加学校...
[2026-09-18 22:00:02.536490] 添加了 0 所学校
添加前: {'Europe': 370, 'North America': 224, 'South America': 84}
添加后: {'Europe': 370, 'North America': 224, 'South America': 84}
[2026-09-18 23:07:10.037259] 开始添加学校...
[2026-09-18 23:07:10.071995] 添加了 0 所学校
添加前: {'Europe': 370, 'North America': 224, 'South America': 84}
添加后: {'Europe': 370, 'North America': 224, 'South America': 84}
[2026-09-19 00:00:00.381285] 开始添加学校...
[2026-09-19 00:00:00.449943] 添加了 0 所学校
添加前: {'Europe': 370, 'North America': 224, 'South America': 84}
添加后: {'Europe': 370, 'North America': 224, 'South America': 84}
[2026-09-19 04:00:00.498845] 开始添加学校...
[2026-09-19 04:00:00.533726] 添加了 0 所学校
添加前: {'Europe': 370, 'North America': 224, 'South America': 84}
添加后: {'Europe': 370, 'North America': 224, 'South America': 84}
[2026-09-19 11:00:00.460347] 开始添加学校...
[2026-09-19 11:00:00.494733] 添加了 0 所学校
添加前: {'Europe': 370, 'North America': 224, 'South America': 84}
添加后: {'Europe': 370, 'North America': 224, 'South America': 84}
[2026-09-19 13:01:48.586108] 开始添加学校...
[2026-09-19 13:01:48.620350] 添加了 0 所学校
添加前: {'Europe': 370, 'North America': 224, 'South America': 84}
添加后: {'Europe': 370, 'North America': 224, 'South America': 84}
[2026-09-19 18:06:12.239643] 开始添加学校...
[2026-09-19 18:06:12.334194] 添加了 0 所学校
添加前: {'Europe': 370, 'North America': 224, 'South America': 84}
添加后: {'Europe': 370, 'North America': 224, 'South America': 84}
[2026-09-19 19:00:00.513484] 开始添加学校...
[2026-09-19 19:00:00.547196] 添加了 0 所学校
添加前: {'Europe': 370, 'North America': 224, 'South America': 84}
添加后: {'Europe': 370, 'North America': 224, 'South America': 84}
[2026-09-19 20:00:01.185036] 开始添加学校...
[2026-09-19 20:00:01.220406] 添加了 0 所学校
添加前: {'Europe': 370, 'North America': 224, 'South America': 84}
添加后: {'Europe': 370, 'North America': 224, 'South America': 84}
[2026-09-19 21:00:00.922085] 开始添加学校...
[2026-09-19 21:00:00.958385] 添加了 0 所学校
添加前: {'Europe': 370, 'North America': 224, 'South America': 84}
添加后: {'Europe': 370, 'North America': 224, 'South America': 84}
[2026-09-20 04:01:04.514566] 开始添加学校...
[2026-09-20 04:01:04.547380] 添加了 0 所学校
添加前: {'Europe': 370, 'North America': 224, 'South America': 84}
添加后: {'Europe': 370, 'North America': 224, 'South America': 84}
[2026-09-20 05:00:13.718745] 开始添加学校...
[2026-09-20 05:00:13.753278] 添加了 0 所学校
添加前: {'Europe': 370, 'North America': 224, 'South America': 84}
添加后: {'Europe': 370, 'North America': 224, 'South America': 84}
[2026-09-20 07:00:11.587222] 开始添加学校...
[2026-09-20 07:00:11.620845] 添加了 0 所学校
添加前: {'Europe': 370, 'North America': 224, 'South America': 84}
添加后: {'Europe': 370, 'North America': 224, 'South America': 84}
[2026-09-20 08:00:02.048544] 开始添加学校...
[2026-09-20 08:00:02.084798] 添加了 0 所学校
添加前: {'Europe': 370, 'North America': 224, 'South America': 84}
添加后: {'Europe': 370, 'North America': 224, 'South America': 84}
[2026-09-20 09:00:12.717353] 开始添加学校...
[2026-09-20 09:00:12.752894] 添加了 0 所学校
添加前: {'Europe': 370, 'North America': 224, 'South America': 84}
添加后: {'Europe': 370, 'North America': 224, 'South America': 84}
[2026-09-20 10:00:05.434977] 开始添加学校...
[2026-09-20 10:00:05.468429] 添加了 0 所学校
添加前: {'Europe': 370, 'North America': 224, 'South America': 84}
添加后: {'Europe': 370, 'North America': 224, 'South America': 84}
[2026-09-20 11:00:09.815998] 开始添加学校...
[2026-09-20 11:00:09.889106] 添加了 0 所学校
添加前: {'Europe': 370, 'North America': 224, 'South America': 84}
添加后: {'Europe': 370, 'North America': 224, 'South America': 84}
[2026-09-20 12:00:00.101640] 开始添加学校...
[2026-09-20 12:00:00.137722] 添加了 0 所学校
添加前: {'Europe': 370, 'North America': 224, 'South America': 84}
添加后: {'Europe': 370, 'North America': 224, 'South America': 84}
[2026-09-20 13:00:00.936509] 开始添加学校...
[2026-09-20 13:00:00.971899] 添加了 0 所学校
添加前: {'Europe': 370, 'North America': 224, 'South America': 84}
添加后: {'Europe': 370, 'North America': 224, 'South America': 84}
[2026-09-20 14:00:20.012250] 开始添加学校...
[2026-09-20 14:00:20.045081] 添加了 0 所学校
添加前: {'Europe': 370, 'North America': 224, 'South America': 84}
添加后: {'Europe': 370, 'North America': 224, 'South America': 84}
[2026-09-20 15:00:10.445045] 开始添加学校...
[2026-09-20 15:00:10.477465] 添加了 0 所学校
添加前: {'Europe': 370, 'North America': 224, 'South America': 84}
添加后: {'Europe': 370, 'North America': 224, 'South America': 84}
[2026-09-20 16:00:06.712398] 开始添加学校...
[2026-09-20 16:00:06.744251] 添加了 0 所学校
添加前: {'Europe': 370, 'North America': 224, 'South America': 84}
添加后: {'Europe': 370, 'North America': 224, 'South America': 84}
[2026-09-20 17:00:00.403827] 开始添加学校...
[2026-09-20 17:00:00.466674] 添加了 0 所学校
添加前: {'Europe': 370, 'North America': 224, 'South America': 84}
添加后: {'Europe': 370, 'North America': 224, 'South America': 84}
[2026-09-20 18:00:00.884911] 开始添加学校...
[2026-09-20 18:00:00.919654] 添加了 0 所学校
添加前: {'Europe': 370, 'North America': 224, 'South America': 84}
添加后: {'Europe': 370, 'North America': 224, 'South America': 84}
[2026-09-20 19:00:00.913649] 开始添加学校...
[2026-09-20 19:00:00.949176] 添加了 0 所学校
添加前: {'Europe': 370, 'North America': 224, 'South America': 84}
添加后: {'Europe': 370, 'North America': 224, 'South America': 84}
[2026-09-20 20:00:00.570295] 开始添加学校...
[2026-09-20 20:00:00.603806] 添加了 0 所学校
添加前: {'Europe': 370, 'North America': 224, 'South America': 84}
添加后: {'Europe': 370, 'North America': 224, 'South America': 84}
[2026-09-20 21:00:01.031587] 开始添加学校...
[2026-09-20 21:00:01.068390] 添加了 0 所学校
添加前: {'Europe': 370, 'North America': 224, 'South America': 84}
添加后: {'Europe': 370, 'North America': 224, 'South America': 84}
[2026-09-20 22:00:00.324355] 开始添加学校...
[2026-09-20 22:00:00.359364] 添加了 0 所学校
添加前: {'Europe': 370, 'North America': 224, 'South America': 84}
添加后: {'Europe': 370, 'North America': 224, 'South America': 84}
[2026-09-20 23:00:00.825450] 开始添加学校...
[2026-09-20 23:00:00.860270] 添加了 0 所学校
添加前: {'Europe': 370, 'North America': 224, 'South America': 84}
添加后: {'Europe': 370, 'North America': 224, 'South America': 84}
[2026-09-21 00:00:00.222112] 开始添加学校...
[2026-09-21 00:00:00.274241] 添加了 0 所学校
添加前: {'Europe': 370, 'North America': 224, 'South America': 84}
添加后: {'Europe': 370, 'North America': 224, 'South America': 84}
[2026-09-21 01:00:01.133211] 开始添加学校...
[2026-09-21 01:00:01.169282] 添加了 0 所学校
添加前: {'Europe': 370, 'North America': 224, 'South America': 84}
添加后: {'Europe': 370, 'North America': 224, 'South America': 84}
[2026-09-21 02:00:01.026323] 开始添加学校...
[2026-09-21 02:00:01.060269] 添加了 0 所学校
添加前: {'Europe': 370, 'North America': 224, 'South America': 84}
添加后: {'Europe': 370, 'North America': 224, 'South America': 84}
[2026-09-21 03:00:01.052176] 开始添加学校...
[2026-09-21 03:00:01.084208] 添加了 0 所学校
添加前: {'Europe': 370, 'North America': 224, 'South America': 84}
添加后: {'Europe': 370, 'North America': 224, 'South America': 84}
[2026-09-21 04:00:00.654639] 开始添加学校...
[2026-09-21 04:00:00.689534] 添加了 0 所学校
添加前: {'Europe': 370, 'North America': 224, 'South America': 84}
添加后: {'Europe': 370, 'North America': 224, 'South America': 84}
[2026-09-21 05:00:00.865464] 开始添加学校...
[2026-09-21 05:00:00.899313] 添加了 0 所学校
添加前: {'Europe': 370, 'North America': 224, 'South America': 84}
添加后: {'Europe': 370, 'North America': 224, 'South America': 84}
[2026-09-21 06:00:00.481501] 开始添加学校...
[2026-09-21 06:00:00.527781] 添加了 0 所学校
添加前: {'Europe': 370, 'North America': 224, 'South America': 84}
添加后: {'Europe': 370, 'North America': 224, 'South America': 84}
[2026-09-21 07:00:00.202495] 开始添加学校...
[2026-09-21 07:00:00.238072] 添加了 0 所学校
添加前: {'Europe': 370, 'North America': 224, 'South America': 84}
添加后: {'Europe': 370, 'North America': 224, 'South America': 84}
[2026-09-21 08:00:00.933244] 开始添加学校...
[2026-09-21 08:00:00.972200] 添加了 0 所学校
添加前: {'Europe': 370, 'North America': 224, 'South America': 84}
添加后: {'Europe': 370, 'North America': 224, 'South America': 84}
[2026-09-21 09:00:00.561412] 开始添加学校...
[2026-09-21 09:00:00.596100] 添加了 0 所学校
添加前: {'Europe': 370, 'North America': 224, 'South America': 84}
添加后: {'Europe': 370, 'North America': 224, 'South America': 84}
[2026-09-21 10:00:00.315642] 开始添加学校...
[2026-09-21 10:00:00.349335] 添加了 0 所学校
添加前: {'Europe': 370, 'North America': 224, 'South America': 84}
添加后: {'Europe': 370, 'North America': 224, 'South America': 84}
[2026-09-21 11:00:00.930430] 开始添加学校...
[2026-09-21 11:00:00.963968] 添加了 0 所学校
添加前: {'Europe': 370, 'North America': 224, 'South America': 84}
添加后: {'Europe': 370, 'North America': 224, 'South America': 84}
[2026-09-21 12:00:00.696355] 开始添加学校...
[2026-09-21 12:00:00.732117] 添加了 0 所学校
添加前: {'Europe': 370, 'North America': 224, 'South America': 84}
添加后: {'Europe': 370, 'North America': 224, 'South America': 84}
[2026-09-21 13:00:01.172155] 开始添加学校...
[2026-09-21 13:00:01.205902] 添加了 0 所学校
添加前: {'Europe': 370, 'North America': 224, 'South America': 84}
添加后: {'Europe': 370, 'North America': 224, 'South America': 84}
[2026-09-21 14:00:00.287329] 开始添加学校...
[2026-09-21 14:00:00.323857] 添加了 0 所学校
添加前: {'Europe': 370, 'North America': 224, 'South America': 84}
添加后: {'Europe': 370, 'North America': 224, 'South America': 84}
[2026-09-21 15:00:00.792815] 开始添加学校...
[2026-09-21 15:00:00.826426] 添加了 0 所学校
添加前: {'Europe': 370, 'North America': 224, 'South America': 84}
添加后: {'Europe': 370, 'North America': 224, 'South America': 84}
[2026-09-21 16:00:00.257040] 开始添加学校...
[2026-09-21 16:00:00.293989] 添加了 0 所学校
添加前: {'Europe': 370, 'North America': 224, 'South America': 84}
添加后: {'Europe': 370, 'North America': 224, 'South America': 84}
[2026-09-21 17:00:00.502896] 开始添加学校...
[2026-09-21 17:00:00.536372] 添加了 0 所学校
添加前: {'Europe': 370, 'North America': 224, 'South America': 84}
添加后: {'Europe': 370, 'North America': 224, 'South America': 84}
[2026-09-21 18:00:00.387157] 开始添加学校...
[2026-09-21 18:00:00.423126] 添加了 0 所学校
添加前: {'Europe': 370, 'North America': 224, 'South America': 84}
添加后: {'Europe': 370, 'North America': 224, 'South America': 84}
[2026-09-21 19:00:00.615434] 开始添加学校...
[2026-09-21 19:00:00.650220] 添加了 0 所学校
添加前: {'Europe': 370, 'North America': 224, 'South America': 84}
添加后: {'Europe': 370, 'North America': 224, 'South America': 84}
[2026-09-21 20:00:00.553354] 开始添加学校...
[2026-09-21 20:00:00.588833] 添加了 0 所学校
添加前: {'Europe': 370, 'North America': 224, 'South America': 84}
添加后: {'Europe': 370, 'North America': 224, 'South America': 84}
[2026-09-21 21:00:00.459345] 开始添加学校...
[2026-09-21 21:00:00.500946] 添加了 0 所学校
添加前: {'Europe': 370, 'North America': 224, 'South America': 84}
添加后: {'Europe': 370, 'North America': 224, 'South America': 84}
[2026-09-21 22:00:01.209276] 开始添加学校...
[2026-09-21 22:00:01.243844] 添加了 0 所学校
添加前: {'Europe': 370, 'North America': 224, 'South America': 84}
添加后: {'Europe': 370, 'North America': 224, 'South America': 84}
[2026-09-21 23:00:00.667638] 开始添加学校...
[2026-09-21 23:00:00.701882] 添加了 0 所学校
添加前: {'Europe': 370, 'North America': 224, 'South America': 84}
添加后: {'Europe': 370, 'North America': 224, 'South America': 84}
[2026-09-22 00:00:01.208731] 开始添加学校...
[2026-09-22 00:00:01.256890] 添加了 0 所学校
添加前: {'Europe': 370, 'North America': 224, 'South America': 84}
添加后: {'Europe': 370, 'North America': 224, 'South America': 84}
[2026-09-22 01:00:00.946264] 开始添加学校...
[2026-09-22 01:00:00.979814] 添加了 0 所学校
添加前: {'Europe': 370, 'North America': 224, 'South America': 84}
添加后: {'Europe': 370, 'North America': 224, 'South America': 84}
[2026-09-22 02:00:00.389085] 开始添加学校...
[2026-09-22 02:00:00.423968] 添加了 0 所学校
添加前: {'Europe': 370, 'North America': 224, 'South America': 84}
添加后: {'Europe': 370, 'North America': 224, 'South America': 84}
[2026-09-22 03:00:00.601152] 开始添加学校...
[2026-09-22 03:00:00.634724] 添加了 0 所学校
添加前: {'Europe': 370, 'North America': 224, 'South America': 84}
添加后: {'Europe': 370, 'North America': 224, 'South America': 84}
[2026-09-22 04:00:01.026585] 开始添加学校...
[2026-09-22 04:00:01.062438] 添加了 0 所学校
添加前: {'Europe': 370, 'North America': 224, 'South America': 84}
添加后: {'Europe': 370, 'North America': 224, 'South America': 84}
[2026-09-22 05:00:00.218501] 开始添加学校...
[2026-09-22 05:00:00.254474] 添加了 0 所学校
添加前: {'Europe': 370, 'North America': 224, 'South America': 84}
添加后: {'Europe': 370, 'North America': 224, 'South America': 84}
[2026-09-22 06:00:00.284325] 开始添加学校...
[2026-09-22 06:00:00.317214] 添加了 0 所学校
添加前: {'Europe': 370, 'North America': 224, 'South America': 84}
添加后: {'Europe': 370, 'North America': 224, 'South America': 84}
[2026-09-22 07:00:00.626706] 开始添加学校...
[2026-09-22 07:00:00.662579] 添加了 0 所学校
添加前: {'Europe': 370, 'North America': 224, 'South America': 84}
添加后: {'Europe': 370, 'North America': 224, 'South America': 84}
[2026-09-22 08:00:01.012421] 开始添加学校...
[2026-09-22 08:00:01.055795] 添加了 0 所学校
添加前: {'Europe': 370, 'North America': 224, 'South America': 84}
添加后: {'Europe': 370, 'North America': 224, 'South America': 84}
[2026-09-22 09:00:00.986417] 开始添加学校...
[2026-09-22 09:00:01.021796] 添加了 0 所学校
添加前: {'Europe': 370, 'North America': 224, 'South America': 84}
添加后: {'Europe': 370, 'North America': 224, 'South America': 84}
[2026-09-22 10:00:01.064414] 开始添加学校...
[2026-09-22 10:00:01.099189] 添加了 0 所学校
添加前: {'Europe': 370, 'North America': 224, 'South America': 84}
添加后: {'Europe': 370, 'North America': 224, 'South America': 84}
[2026-09-22 11:00:00.718724] 开始添加学校...
[2026-09-22 11:00:00.757664] 添加了 0 所学校
添加前: {'Europe': 370, 'North America': 224, 'South America': 84}
添加后: {'Europe': 370, 'North America': 224, 'South America': 84}
[2026-09-22 12:00:00.979906] 开始添加学校...
[2026-09-22 12:00:01.017548] 添加了 0 所学校
添加前: {'Europe': 370, 'North America': 224, 'South America': 84}
添加后: {'Europe': 370, 'North America': 224, 'South America': 84}
[2026-09-22 13:00:00.530064] 开始添加学校...
[2026-09-22 13:00:00.561839] 添加了 0 所学校
添加前: {'Europe': 370, 'North America': 224, 'South America': 84}
添加后: {'Europe': 370, 'North America': 224, 'South America': 84}
[2026-09-22 14:00:00.981329] 开始添加学校...
[2026-09-22 14:00:01.016543] 添加了 0 所学校
添加前: {'Europe': 370, 'North America': 224, 'South America': 84}
添加后: {'Europe': 370, 'North America': 224, 'South America': 84}
[2026-09-22 15:00:00.984010] 开始添加学校...
[2026-09-22 15:00:01.021695] 添加了 0 所学校
添加前: {'Europe': 370, 'North America': 224, 'South America': 84}
添加后: {'Europe': 370, 'North America': 224, 'South America': 84}
[2026-09-22 16:00:00.966226] 开始添加学校...
[2026-09-22 16:00:01.000434] 添加了 0 所学校
添加前: {'Europe': 370, 'North America': 224, 'South America': 84}
添加后: {'Europe': 370, 'North America': 224, 'South America': 84}
[2026-09-22 17:00:00.723951] 开始添加学校...
[2026-09-22 17:00:00.760368] 添加了 0 所学校
添加前: {'Europe': 370, 'North America': 224, 'South America': 84}
添加后: {'Europe': 370, 'North America': 224, 'South America': 84}
[2026-09-22 18:00:01.091944] 开始添加学校...
[2026-09-22 18:00:01.131440] 添加了 0 所学校
添加前: {'Europe': 370, 'North America': 224, 'South America': 84}
添加后: {'Europe': 370, 'North America': 224, 'South America': 84}
[2026-09-22 19:00:01.133243] 开始添加学校...
[2026-09-22 19:00:01.166279] 添加了 0 所学校
添加前: {'Europe': 370, 'North America': 224, 'South America': 84}
添加后: {'Europe': 370, 'North America': 224, 'South America': 84}
[2026-09-22 20:00:00.713506] 开始添加学校...
[2026-09-22 20:00:00.759281] 添加了 0 所学校
添加前: {'Europe': 370, 'North America': 224, 'South America': 84}
添加后: {'Europe': 370, 'North America': 224, 'South America': 84}
[2026-09-22 21:00:00.278419] 开始添加学校...
[2026-09-22 21:00:00.319906] 添加了 0 所学校
添加前: {'Europe': 370, 'North America': 224, 'South America': 84}
添加后: {'Europe': 370, 'North America': 224, 'South America': 84}
[2026-09-22 22:00:00.770259] 开始添加学校...
Traceback (most recent call last):
  File "/Users/wangfeng/.openclaw/workspace/school-badge-website/scripts/add_europe_america_schools.py", line 104, in <module>
    before = get_current_stats()
  File "/Users/wangfeng/.openclaw/workspace/school-badge-website/scripts/add_europe_america_schools.py", line 15, in get_current_stats
    cursor.execute("""SELECT region, COUNT(*) FROM schools WHERE region IN ('Europe','North America','South America') GROUP BY region""")
sqlite3.OperationalError: disk I/O error
[2026-09-22 23:00:00.566176] 开始添加学校...
Traceback (most recent call last):
  File "/Users/wangfeng/.openclaw/workspace/school-badge-website/scripts/add_europe_america_schools.py", line 106, in <module>
    after = get_current_stats()
  File "/Users/wangfeng/.openclaw/workspace/school-badge-website/scripts/add_europe_america_schools.py", line 15, in get_current_stats
    cursor.execute("""SELECT region, COUNT(*) FROM schools WHERE region IN ('Europe','North America','South America') GROUP BY region""")
sqlite3.OperationalError: disk I/O error
[2026-09-23 00:00:00.614892] 开始添加学校...
[2026-09-23 00:00:00.665372] 添加了 0 所学校
添加前: {'Europe': 370, 'North America': 224, 'South America': 84}
添加后: {'Europe': 370, 'North America': 224, 'South America': 84}
[2026-09-23 01:00:00.920874] 开始添加学校...
[2026-09-23 01:00:00.962521] 添加了 0 所学校
添加前: {'Europe': 370, 'North America': 224, 'South America': 84}
添加后: {'Europe': 370, 'North America': 224, 'South America': 84}
[2026-09-23 02:00:01.140206] 开始添加学校...
[2026-09-23 02:00:01.180769] 添加了 0 所学校
添加前: {'Europe': 370, 'North America': 224, 'South America': 84}
添加后: {'Europe': 370, 'North America': 224, 'South America': 84}
[2026-09-23 03:00:00.867991] 开始添加学校...
[2026-09-23 03:00:00.951792] 添加了 0 所学校
添加前: {'Europe': 370, 'North America': 224, 'South America': 84}
添加后: {'Europe': 370, 'North America': 224, 'South America': 84}
[2026-09-23 04:00:00.918760] 开始添加学校...
[2026-09-23 04:00:00.956390] 添加了 0 所学校
添加前: {'Europe': 370, 'North America': 224, 'South America': 84}
添加后: {'Europe': 370, 'North America': 224, 'South America': 84}
[2026-09-23 05:00:00.528996] 开始添加学校...
[2026-09-23 05:00:00.567302] 添加了 0 所学校
添加前: {'Europe': 370, 'North America': 224, 'South America': 84}
添加后: {'Europe': 370, 'North America': 224, 'South America': 84}
[2026-09-23 06:00:00.468628] 开始添加学校...
[2026-09-23 06:00:00.513346] 添加了 0 所学校
添加前: {'Europe': 370, 'North America': 224, 'South America': 84}
添加后: {'Europe': 370, 'North America': 224, 'South America': 84}
[2026-09-23 07:00:00.874823] 开始添加学校...
Traceback (most recent call last):
  File "/Users/wangfeng/.openclaw/workspace/school-badge-website/scripts/add_europe_america_schools.py", line 104, in <module>
    before = get_current_stats()
  File "/Users/wangfeng/.openclaw/workspace/school-badge-website/scripts/add_europe_america_schools.py", line 15, in get_current_stats
    cursor.execute("""SELECT region, COUNT(*) FROM schools WHERE region IN ('Europe','North America','South America') GROUP BY region""")
sqlite3.OperationalError: disk I/O error
[2026-09-23 08:00:00.146518] 开始添加学校...
[2026-09-23 08:00:00.187521] 添加了 0 所学校
添加前: {'Europe': 370, 'North America': 224, 'South America': 84}
添加后: {'Europe': 370, 'North America': 224, 'South America': 84}
[2026-09-23 09:00:00.881060] 开始添加学校...
Traceback (most recent call last):
  File "/Users/wangfeng/.openclaw/workspace/school-badge-website/scripts/add_europe_america_schools.py", line 104, in <module>
    before = get_current_stats()
  File "/Users/wangfeng/.openclaw/workspace/school-badge-website/scripts/add_europe_america_schools.py", line 15, in get_current_stats
    cursor.execute("""SELECT region, COUNT(*) FROM schools WHERE region IN ('Europe','North America','South America') GROUP BY region""")
sqlite3.OperationalError: disk I/O error
[2026-09-23 10:00:01.175722] 开始添加学校...
Traceback (most recent call last):
  File "/Users/wangfeng/.openclaw/workspace/school-badge-website/scripts/add_europe_america_schools.py", line 104, in <module>
    before = get_current_stats()
  File "/Users/wangfeng/.openclaw/workspace/school-badge-website/scripts/add_europe_america_schools.py", line 15, in get_current_stats
    cursor.execute("""SELECT region, COUNT(*) FROM schools WHERE region IN ('Europe','North America','South America') GROUP BY region""")
sqlite3.OperationalError: unable to open database file
[2026-09-23 11:00:00.837906] 开始添加学校...
Traceback (most recent call last):
  File "/Users/wangfeng/.openclaw/workspace/school-badge-website/scripts/add_europe_america_schools.py", line 104, in <module>
    before = get_current_stats()
  File "/Users/wangfeng/.openclaw/workspace/school-badge-website/scripts/add_europe_america_schools.py", line 15, in get_current_stats
    cursor.execute("""SELECT region, COUNT(*) FROM schools WHERE region IN ('Europe','North America','South America') GROUP BY region""")
sqlite3.OperationalError: unable to open database file
[2026-09-23 12:00:00.308086] 开始添加学校...
Traceback (most recent call last):
  File "/Users/wangfeng/.openclaw/workspace/school-badge-website/scripts/add_europe_america_schools.py", line 104, in <module>
    before = get_current_stats()
  File "/Users/wangfeng/.openclaw/workspace/school-badge-website/scripts/add_europe_america_schools.py", line 15, in get_current_stats
    cursor.execute("""SELECT region, COUNT(*) FROM schools WHERE region IN ('Europe','North America','South America') GROUP BY region""")
sqlite3.OperationalError: unable to open database file
[2026-09-23 13:00:00.370778] 开始添加学校...
Traceback (most recent call last):
  File "/Users/wangfeng/.openclaw/workspace/school-badge-website/scripts/add_europe_america_schools.py", line 104, in <module>
    before = get_current_stats()
  File "/Users/wangfeng/.openclaw/workspace/school-badge-website/scripts/add_europe_america_schools.py", line 15, in get_current_stats
    cursor.execute("""SELECT region, COUNT(*) FROM schools WHERE region IN ('Europe','North America','South America') GROUP BY region""")
sqlite3.OperationalError: unable to open database file
[2026-09-23 14:00:00.934178] 开始添加学校...
Traceback (most recent call last):
  File "/Users/wangfeng/.openclaw/workspace/school-badge-website/scripts/add_europe_america_schools.py", line 104, in <module>
    before = get_current_stats()
[2026-09-23 15:00:01.072591] 开始添加学校...
[2026-09-23 23:00:01.046444] 开始添加学校...
[2026-09-23 23:00:01.085983] 添加了 0 所学校
添加前: {'Europe': 370, 'North America': 224, 'South America': 84}
添加后: {'Europe': 370, 'North America': 224, 'South America': 84}
